Image_Name,Timestamp
face_20241207_093227.jpg,20241207_093227
face_20241207_093227.jpg,20241207_093227
face_20241207_093227.jpg,20241207_093227
face_20241207_093227.jpg,20241207_093227
face_20241207_093227.jpg,20241207_093227
face_20241207_093228.jpg,20241207_093228
face_20241207_093228.jpg,20241207_093228
face_20241207_093228.jpg,20241207_093228
face_20241207_093228.jpg,20241207_093228
face_20241207_093228.jpg,20241207_093228
face_20241207_093228.jpg,20241207_093228
face_20241207_093228.jpg,20241207_093228
face_20241207_093228.jpg,20241207_093228
face_20241207_093228.jpg,20241207_093228
face_20241207_093228.jpg,20241207_093228
face_20241207_093228.jpg,20241207_093228
face_20241207_093228.jpg,20241207_093228
face_20241207_093228.jpg,20241207_093228
face_20241207_093228.jpg,20241207_093228
face_20241207_093228.jpg,20241207_093228
face_20241207_093228.jpg,20241207_093228
face_20241207_093228.jpg,20241207_093228
face_20241207_093228.jpg,20241207_093228
face_20241207_093228.jpg,20241207_093228
face_20241207_093228.jpg,20241207_093228
face_20241207_093228.jpg,20241207_093228
face_20241207_093228.jpg,20241207_093228
face_20241207_093228.jpg,20241207_093228
face_20241207_093229.jpg,20241207_093229
face_20241207_093229.jpg,20241207_093229
face_20241207_093229.jpg,20241207_093229
face_20241207_093229.jpg,20241207_093229
face_20241207_093229.jpg,20241207_093229
face_20241207_093229.jpg,20241207_093229
face_20241207_093229.jpg,20241207_093229
face_20241207_093229.jpg,20241207_093229
face_20241207_093229.jpg,20241207_093229
face_20241207_093229.jpg,20241207_093229
face_20241207_093229.jpg,20241207_093229
face_20241207_093229.jpg,20241207_093229
face_20241207_093229.jpg,20241207_093229
face_20241207_093229.jpg,20241207_093229
face_20241207_093229.jpg,20241207_093229
face_20241207_093229.jpg,20241207_093229
face_20241207_093229.jpg,20241207_093229
face_20241207_093229.jpg,20241207_093229
face_20241207_093229.jpg,20241207_093229
face_20241207_093229.jpg,20241207_093229
face_20241207_093229.jpg,20241207_093229
face_20241207_093229.jpg,20241207_093229
face_20241207_093230.jpg,20241207_093230
face_20241207_093230.jpg,20241207_093230
face_20241207_093230.jpg,20241207_093230
face_20241207_093230.jpg,20241207_093230
face_20241207_093230.jpg,20241207_093230
face_20241207_093230.jpg,20241207_093230
face_20241207_093230.jpg,20241207_093230
face_20241207_093230.jpg,20241207_093230
face_20241207_093230.jpg,20241207_093230
face_20241207_093230.jpg,20241207_093230
face_20241207_093230.jpg,20241207_093230
face_20241207_093230.jpg,20241207_093230
face_20241207_093230.jpg,20241207_093230
face_20241207_093230.jpg,20241207_093230
face_20241207_093230.jpg,20241207_093230
face_20241207_093230.jpg,20241207_093230
face_20241207_093230.jpg,20241207_093230
face_20241207_093230.jpg,20241207_093230
face_20241207_093230.jpg,20241207_093230
face_20241207_093230.jpg,20241207_093230
face_20241207_093231.jpg,20241207_093231
face_20241207_093231.jpg,20241207_093231
face_20241207_093231.jpg,20241207_093231
face_20241207_093231.jpg,20241207_093231
face_20241207_093231.jpg,20241207_093231
face_20241207_093231.jpg,20241207_093231
face_20241207_093231.jpg,20241207_093231
face_20241207_093231.jpg,20241207_093231
face_20241207_093231.jpg,20241207_093231
face_20241207_093231.jpg,20241207_093231
face_20241207_093231.jpg,20241207_093231
face_20241207_093231.jpg,20241207_093231
face_20241207_093231.jpg,20241207_093231
face_20241207_093231.jpg,20241207_093231
face_20241207_093231.jpg,20241207_093231
face_20241207_093231.jpg,20241207_093231
face_20241207_093231.jpg,20241207_093231
face_20241207_093231.jpg,20241207_093231
face_20241207_093232.jpg,20241207_093232
face_20241207_093232.jpg,20241207_093232
face_20241207_093232.jpg,20241207_093232
face_20241207_093232.jpg,20241207_093232
face_20241207_093232.jpg,20241207_093232
face_20241207_093232.jpg,20241207_093232
face_20241207_093232.jpg,20241207_093232
face_20241207_093232.jpg,20241207_093232
face_20241207_093232.jpg,20241207_093232
face_20241207_093232.jpg,20241207_093232
face_20241207_093232.jpg,20241207_093232
face_20241207_093232.jpg,20241207_093232
face_20241207_093232.jpg,20241207_093232
face_20241207_093232.jpg,20241207_093232
face_20241207_093232.jpg,20241207_093232
face_20241207_093232.jpg,20241207_093232
face_20241207_093232.jpg,20241207_093232
face_20241207_093232.jpg,20241207_093232
face_20241207_093232.jpg,20241207_093232
face_20241207_093232.jpg,20241207_093232
face_20241207_093233.jpg,20241207_093233
face_20241207_093233.jpg,20241207_093233
face_20241207_093233.jpg,20241207_093233
face_20241207_093233.jpg,20241207_093233
face_20241207_093233.jpg,20241207_093233
face_20241207_093233.jpg,20241207_093233
face_20241207_093233.jpg,20241207_093233
face_20241207_093233.jpg,20241207_093233
face_20241207_093233.jpg,20241207_093233
face_20241207_093233.jpg,20241207_093233
face_20241207_093233.jpg,20241207_093233
face_20241207_093233.jpg,20241207_093233
face_20241207_093233.jpg,20241207_093233
face_20241207_093233.jpg,20241207_093233
face_20241207_093233.jpg,20241207_093233
face_20241207_093233.jpg,20241207_093233
face_20241207_093234.jpg,20241207_093234
face_20241207_093234.jpg,20241207_093234
face_20241207_093234.jpg,20241207_093234
face_20241207_093234.jpg,20241207_093234
face_20241207_093234.jpg,20241207_093234
face_20241207_093234.jpg,20241207_093234
face_20241207_093234.jpg,20241207_093234
face_20241207_093234.jpg,20241207_093234
face_20241207_093235.jpg,20241207_093235
face_20241207_093235.jpg,20241207_093235
face_20241207_093235.jpg,20241207_093235
face_20241207_093235.jpg,20241207_093235
face_20241207_093235.jpg,20241207_093235
face_20241207_093235.jpg,20241207_093235
face_20241207_093235.jpg,20241207_093235
face_20241207_093235.jpg,20241207_093235
face_20241207_093235.jpg,20241207_093235
face_20241207_093235.jpg,20241207_093235
face_20241207_093235.jpg,20241207_093235
face_20241207_093235.jpg,20241207_093235
face_20241207_093235.jpg,20241207_093235
face_20241207_093235.jpg,20241207_093235
face_20241207_093235.jpg,20241207_093235
face_20241207_093235.jpg,20241207_093235
face_20241207_093235.jpg,20241207_093235
face_20241207_093235.jpg,20241207_093235
face_20241207_093235.jpg,20241207_093235
face_20241207_093236.jpg,20241207_093236
face_20241207_093236.jpg,20241207_093236
face_20241207_093236.jpg,20241207_093236
face_20241207_093236.jpg,20241207_093236
face_20241207_093236.jpg,20241207_093236
face_20241207_093236.jpg,20241207_093236
face_20241207_093236.jpg,20241207_093236
face_20241207_093236.jpg,20241207_093236
face_20241207_093236.jpg,20241207_093236
face_20241207_093236.jpg,20241207_093236
face_20241207_093236.jpg,20241207_093236
face_20241207_093236.jpg,20241207_093236
face_20241207_093236.jpg,20241207_093236
face_20241207_093236.jpg,20241207_093236
face_20241207_093236.jpg,20241207_093236
face_20241207_093236.jpg,20241207_093236
face_20241207_093237.jpg,20241207_093237
face_20241207_093237.jpg,20241207_093237
face_20241207_093237.jpg,20241207_093237
face_20241207_093237.jpg,20241207_093237
face_20241207_093237.jpg,20241207_093237
face_20241207_093237.jpg,20241207_093237
face_20241207_093237.jpg,20241207_093237
face_20241207_093237.jpg,20241207_093237
face_20241207_093237.jpg,20241207_093237
face_20241207_093237.jpg,20241207_093237
face_20241207_093237.jpg,20241207_093237
face_20241207_093237.jpg,20241207_093237
face_20241207_093237.jpg,20241207_093237
face_20241207_093237.jpg,20241207_093237
face_20241207_093237.jpg,20241207_093237
face_20241207_093237.jpg,20241207_093237
face_20241207_093237.jpg,20241207_093237
face_20241207_093237.jpg,20241207_093237
face_20241207_093237.jpg,20241207_093237
face_20241207_093237.jpg,20241207_093237
face_20241207_093237.jpg,20241207_093237
face_20241207_093238.jpg,20241207_093238
face_20241207_093238.jpg,20241207_093238
face_20241207_093238.jpg,20241207_093238
face_20241207_093238.jpg,20241207_093238
face_20241207_093238.jpg,20241207_093238
face_20241207_093238.jpg,20241207_093238
face_20241207_093238.jpg,20241207_093238
face_20241207_093238.jpg,20241207_093238
face_20241207_093238.jpg,20241207_093238
face_20241207_093238.jpg,20241207_093238
face_20241207_093238.jpg,20241207_093238
face_20241207_093238.jpg,20241207_093238
face_20241207_093238.jpg,20241207_093238
face_20241207_093238.jpg,20241207_093238
face_20241207_093238.jpg,20241207_093238
face_20241207_093238.jpg,20241207_093238
face_20241207_093238.jpg,20241207_093238
face_20241207_093238.jpg,20241207_093238
face_20241207_093238.jpg,20241207_093238
face_20241207_093238.jpg,20241207_093238
face_20241207_093238.jpg,20241207_093238
face_20241207_093238.jpg,20241207_093238
face_20241207_093239.jpg,20241207_093239
face_20241207_093239.jpg,20241207_093239
face_20241207_093239.jpg,20241207_093239
face_20241207_093239.jpg,20241207_093239
face_20241207_093239.jpg,20241207_093239
face_20241207_093239.jpg,20241207_093239
face_20241207_093239.jpg,20241207_093239
face_20241207_093239.jpg,20241207_093239
face_20241207_093239.jpg,20241207_093239
face_20241207_093239.jpg,20241207_093239
face_20241207_093239.jpg,20241207_093239
face_20241207_093239.jpg,20241207_093239
face_20241207_093239.jpg,20241207_093239
face_20241207_093239.jpg,20241207_093239
face_20241207_093239.jpg,20241207_093239
face_20241207_093239.jpg,20241207_093239
face_20241207_093239.jpg,20241207_093239
face_20241207_093239.jpg,20241207_093239
face_20241207_093239.jpg,20241207_093239
face_20241207_093239.jpg,20241207_093239
face_20241207_093239.jpg,20241207_093239
face_20241207_093239.jpg,20241207_093239
face_20241207_093239.jpg,20241207_093239
face_20241207_093240.jpg,20241207_093240
face_20241207_093240.jpg,20241207_093240
face_20241207_093240.jpg,20241207_093240
face_20241207_093240.jpg,20241207_093240
face_20241207_093240.jpg,20241207_093240
face_20241207_093240.jpg,20241207_093240
face_20241207_093240.jpg,20241207_093240
face_20241207_093240.jpg,20241207_093240
face_20241207_093240.jpg,20241207_093240
face_20241207_093240.jpg,20241207_093240
face_20241207_093240.jpg,20241207_093240
face_20241207_093240.jpg,20241207_093240
face_20241207_093240.jpg,20241207_093240
face_20241207_093240.jpg,20241207_093240
face_20241207_093240.jpg,20241207_093240
face_20241207_093240.jpg,20241207_093240
face_20241207_093240.jpg,20241207_093240
face_20241207_093240.jpg,20241207_093240
face_20241207_093240.jpg,20241207_093240
face_20241207_093241.jpg,20241207_093241
face_20241207_093241.jpg,20241207_093241
face_20241207_093241.jpg,20241207_093241
face_20241207_093241.jpg,20241207_093241
face_20241207_093241.jpg,20241207_093241
face_20241207_093241.jpg,20241207_093241
face_20241207_093241.jpg,20241207_093241
face_20241207_093241.jpg,20241207_093241
face_20241207_093241.jpg,20241207_093241
face_20241207_093241.jpg,20241207_093241
face_20241207_093241.jpg,20241207_093241
face_20241207_093241.jpg,20241207_093241
face_20241207_093241.jpg,20241207_093241
face_20241207_093241.jpg,20241207_093241
face_20241207_093241.jpg,20241207_093241
face_20241207_093241.jpg,20241207_093241
face_20241207_093241.jpg,20241207_093241
face_20241207_093241.jpg,20241207_093241
face_20241207_093241.jpg,20241207_093241
face_20241207_093241.jpg,20241207_093241
face_20241207_093241.jpg,20241207_093241
face_20241207_093242.jpg,20241207_093242
face_20241207_093242.jpg,20241207_093242
face_20241207_093242.jpg,20241207_093242
face_20241207_093242.jpg,20241207_093242
face_20241207_093242.jpg,20241207_093242
face_20241207_093242.jpg,20241207_093242
face_20241207_093242.jpg,20241207_093242
face_20241207_093242.jpg,20241207_093242
face_20241207_093242.jpg,20241207_093242
face_20241207_093242.jpg,20241207_093242
face_20241207_093242.jpg,20241207_093242
face_20241207_093242.jpg,20241207_093242
face_20241207_093242.jpg,20241207_093242
face_20241207_093242.jpg,20241207_093242
face_20241207_093242.jpg,20241207_093242
face_20241207_093242.jpg,20241207_093242
face_20241207_093242.jpg,20241207_093242
face_20241207_093242.jpg,20241207_093242
face_20241207_093242.jpg,20241207_093242
face_20241207_093242.jpg,20241207_093242
face_20241207_093242.jpg,20241207_093242
face_20241207_093242.jpg,20241207_093242
face_20241207_093243.jpg,20241207_093243
face_20241207_093243.jpg,20241207_093243
face_20241207_093243.jpg,20241207_093243
face_20241207_093243.jpg,20241207_093243
face_20241207_093243.jpg,20241207_093243
face_20241207_093243.jpg,20241207_093243
face_20241207_093243.jpg,20241207_093243
face_20241207_093243.jpg,20241207_093243
face_20241207_093243.jpg,20241207_093243
face_20241207_093243.jpg,20241207_093243
face_20241207_093243.jpg,20241207_093243
face_20241207_093243.jpg,20241207_093243
face_20241207_093243.jpg,20241207_093243
face_20241207_093243.jpg,20241207_093243
face_20241207_093243.jpg,20241207_093243
face_20241207_093243.jpg,20241207_093243
face_20241207_093243.jpg,20241207_093243
face_20241207_093243.jpg,20241207_093243
face_20241207_093243.jpg,20241207_093243
face_20241207_093243.jpg,20241207_093243
face_20241207_093244.jpg,20241207_093244
face_20241207_093244.jpg,20241207_093244
face_20241207_093244.jpg,20241207_093244
face_20241207_093244.jpg,20241207_093244
face_20241207_093244.jpg,20241207_093244
face_20241207_093244.jpg,20241207_093244
face_20241207_093244.jpg,20241207_093244
face_20241207_093244.jpg,20241207_093244
face_20241207_093244.jpg,20241207_093244
face_20241207_093244.jpg,20241207_093244
face_20241207_093244.jpg,20241207_093244
face_20241207_093244.jpg,20241207_093244
face_20241207_093244.jpg,20241207_093244
face_20241207_093244.jpg,20241207_093244
face_20241207_093244.jpg,20241207_093244
face_20241207_093244.jpg,20241207_093244
face_20241207_093244.jpg,20241207_093244
face_20241207_093244.jpg,20241207_093244
face_20241207_093244.jpg,20241207_093244
face_20241207_093244.jpg,20241207_093244
face_20241207_093244.jpg,20241207_093244
face_20241207_093244.jpg,20241207_093244
face_20241207_093245.jpg,20241207_093245
face_20241207_093245.jpg,20241207_093245
face_20241207_093245.jpg,20241207_093245
face_20241207_093245.jpg,20241207_093245
face_20241207_093245.jpg,20241207_093245
face_20241207_093245.jpg,20241207_093245
face_20241207_093245.jpg,20241207_093245
face_20241207_093245.jpg,20241207_093245
face_20241207_093245.jpg,20241207_093245
face_20241207_093245.jpg,20241207_093245
face_20241207_093245.jpg,20241207_093245
face_20241207_093245.jpg,20241207_093245
face_20241207_093245.jpg,20241207_093245
face_20241207_093245.jpg,20241207_093245
face_20241207_093245.jpg,20241207_093245
face_20241207_093245.jpg,20241207_093245
face_20241207_093246.jpg,20241207_093246
face_20241207_093246.jpg,20241207_093246
face_20241207_093246.jpg,20241207_093246
face_20241207_093246.jpg,20241207_093246
face_20241207_093246.jpg,20241207_093246
face_20241207_093246.jpg,20241207_093246
face_20241207_093246.jpg,20241207_093246
face_20241207_093246.jpg,20241207_093246
face_20241207_093246.jpg,20241207_093246
face_20241207_093246.jpg,20241207_093246
face_20241207_093246.jpg,20241207_093246
face_20241207_093246.jpg,20241207_093246
face_20241207_093246.jpg,20241207_093246
face_20241207_093246.jpg,20241207_093246
face_20241207_093246.jpg,20241207_093246
face_20241207_093246.jpg,20241207_093246
face_20241207_093246.jpg,20241207_093246
face_20241207_093246.jpg,20241207_093246
face_20241207_093246.jpg,20241207_093246
face_20241207_093246.jpg,20241207_093246
face_20241207_093247.jpg,20241207_093247
face_20241207_093247.jpg,20241207_093247
face_20241207_093247.jpg,20241207_093247
face_20241207_093247.jpg,20241207_093247
face_20241207_093247.jpg,20241207_093247
face_20241207_093247.jpg,20241207_093247
face_20241207_093247.jpg,20241207_093247
face_20241207_093247.jpg,20241207_093247
face_20241207_093247.jpg,20241207_093247
face_20241207_093247.jpg,20241207_093247
face_20241207_093247.jpg,20241207_093247
face_20241207_093247.jpg,20241207_093247
face_20241207_093247.jpg,20241207_093247
face_20241207_093247.jpg,20241207_093247
face_20241207_093247.jpg,20241207_093247
face_20241207_093247.jpg,20241207_093247
face_20241207_093247.jpg,20241207_093247
face_20241207_093247.jpg,20241207_093247
face_20241207_093247.jpg,20241207_093247
face_20241207_093247.jpg,20241207_093247
face_20241207_093248.jpg,20241207_093248
face_20241207_093248.jpg,20241207_093248
face_20241207_093248.jpg,20241207_093248
face_20241207_093248.jpg,20241207_093248
face_20241207_093248.jpg,20241207_093248
face_20241207_093248.jpg,20241207_093248
face_20241207_093248.jpg,20241207_093248
face_20241207_093248.jpg,20241207_093248
face_20241207_093248.jpg,20241207_093248
face_20241207_093248.jpg,20241207_093248
face_20241207_093248.jpg,20241207_093248
face_20241207_093248.jpg,20241207_093248
face_20241207_093248.jpg,20241207_093248
face_20241207_093248.jpg,20241207_093248
face_20241207_093248.jpg,20241207_093248
face_20241207_093248.jpg,20241207_093248
face_20241207_093248.jpg,20241207_093248
face_20241207_093248.jpg,20241207_093248
face_20241207_093248.jpg,20241207_093248
face_20241207_093248.jpg,20241207_093248
face_20241207_093248.jpg,20241207_093248
face_20241207_093248.jpg,20241207_093248
face_20241207_093249.jpg,20241207_093249
face_20241207_093249.jpg,20241207_093249
face_20241207_093249.jpg,20241207_093249
face_20241207_093249.jpg,20241207_093249
face_20241207_093249.jpg,20241207_093249
face_20241207_093249.jpg,20241207_093249
face_20241207_093249.jpg,20241207_093249
face_20241207_093249.jpg,20241207_093249
face_20241207_093249.jpg,20241207_093249
face_20241207_093249.jpg,20241207_093249
face_20241207_093249.jpg,20241207_093249
face_20241207_093249.jpg,20241207_093249
face_20241207_093249.jpg,20241207_093249
face_20241207_093249.jpg,20241207_093249
face_20241207_093249.jpg,20241207_093249
face_20241207_093250.jpg,20241207_093250
face_20241207_093250.jpg,20241207_093250
face_20241207_093250.jpg,20241207_093250
face_20241207_093250.jpg,20241207_093250
face_20241207_093250.jpg,20241207_093250
face_20241207_093250.jpg,20241207_093250
face_20241207_093250.jpg,20241207_093250
face_20241207_093250.jpg,20241207_093250
face_20241207_093250.jpg,20241207_093250
face_20241207_093250.jpg,20241207_093250
face_20241207_093250.jpg,20241207_093250
face_20241207_093250.jpg,20241207_093250
face_20241207_093250.jpg,20241207_093250
face_20241207_093250.jpg,20241207_093250
face_20241207_093250.jpg,20241207_093250
face_20241207_093250.jpg,20241207_093250
face_20241207_093250.jpg,20241207_093250
face_20241207_093250.jpg,20241207_093250
face_20241207_093250.jpg,20241207_093250
face_20241207_093250.jpg,20241207_093250
face_20241207_093251.jpg,20241207_093251
face_20241207_093251.jpg,20241207_093251
face_20241207_093251.jpg,20241207_093251
face_20241207_093251.jpg,20241207_093251
face_20241207_093251.jpg,20241207_093251
face_20241207_093251.jpg,20241207_093251
face_20241207_093251.jpg,20241207_093251
face_20241207_093251.jpg,20241207_093251
face_20241207_093251.jpg,20241207_093251
face_20241207_093251.jpg,20241207_093251
face_20241207_093251.jpg,20241207_093251
face_20241207_093251.jpg,20241207_093251
face_20241207_093251.jpg,20241207_093251
face_20241207_093251.jpg,20241207_093251
face_20241207_093251.jpg,20241207_093251
face_20241207_093251.jpg,20241207_093251
face_20241207_093251.jpg,20241207_093251
face_20241207_093251.jpg,20241207_093251
face_20241207_093251.jpg,20241207_093251
face_20241207_093251.jpg,20241207_093251
face_20241207_093251.jpg,20241207_093251
face_20241207_093252.jpg,20241207_093252
face_20241207_093252.jpg,20241207_093252
face_20241207_093252.jpg,20241207_093252
face_20241207_093252.jpg,20241207_093252
face_20241207_093252.jpg,20241207_093252
face_20241207_093252.jpg,20241207_093252
face_20241207_093252.jpg,20241207_093252
face_20241207_093252.jpg,20241207_093252
face_20241207_093252.jpg,20241207_093252
face_20241207_093252.jpg,20241207_093252
face_20241207_093252.jpg,20241207_093252
face_20241207_093252.jpg,20241207_093252
face_20241207_093252.jpg,20241207_093252
face_20241207_093252.jpg,20241207_093252
face_20241207_093252.jpg,20241207_093252
face_20241207_093252.jpg,20241207_093252
face_20241207_093252.jpg,20241207_093252
face_20241207_093252.jpg,20241207_093252
face_20241207_093253.jpg,20241207_093253
face_20241207_093253.jpg,20241207_093253
face_20241207_093253.jpg,20241207_093253
face_20241207_093253.jpg,20241207_093253
face_20241207_093253.jpg,20241207_093253
face_20241207_093253.jpg,20241207_093253
face_20241207_093253.jpg,20241207_093253
face_20241207_093253.jpg,20241207_093253
face_20241207_093253.jpg,20241207_093253
face_20241207_093253.jpg,20241207_093253
face_20241207_093253.jpg,20241207_093253
face_20241207_093253.jpg,20241207_093253
face_20241207_093253.jpg,20241207_093253
face_20241207_093253.jpg,20241207_093253
