Face_ID,Image_Name,Date,Time
18520fa295378b5fafe7ec4529f3a9c6,face_2024-12-07_183354.jpg,2024-12-07,18:33:54
e81d88bd4ed95b7b4a30b141ca037bb7,face_2024-12-07_183354.jpg,2024-12-07,18:33:54
05dd6d93dd4bea8d57fde2c0320eaf99,face_2024-12-07_183354.jpg,2024-12-07,18:33:54
437ba04385b42208551a8cbcb07213ee,face_2024-12-07_183354.jpg,2024-12-07,18:33:54
680f64655eb11f4bcc6c193f378c2465,face_2024-12-07_183354.jpg,2024-12-07,18:33:54
728ba7fcd51091f741010d7dcc441fda,face_2024-12-07_183354.jpg,2024-12-07,18:33:54
151d3d1d1ff23c96c6968452b96536cd,face_2024-12-07_183354.jpg,2024-12-07,18:33:54
1034fb4c2082bfc6a6d542b25fb6b757,face_2024-12-07_183354.jpg,2024-12-07,18:33:54
2a86a7ab3539a8ac01a2aa6ad40ee16b,face_2024-12-07_183354.jpg,2024-12-07,18:33:54
eb089f892e16977c52e0ec7cae5662f2,face_2024-12-07_183354.jpg,2024-12-07,18:33:54
150cda2a07d06846805d4dc02819e43a,face_2024-12-07_183355.jpg,2024-12-07,18:33:55
1e799fcb15cab2c9b3d3e07931c7d8f9,face_2024-12-07_183355.jpg,2024-12-07,18:33:55
218881a93d388edc939aa5c3e8c5d288,face_2024-12-07_183355.jpg,2024-12-07,18:33:55
f2d477b7b3ac73527c661808e88f9810,face_2024-12-07_183355.jpg,2024-12-07,18:33:55
10f433ae3ed22e0f31839325792fa553,face_2024-12-07_183355.jpg,2024-12-07,18:33:55
6104a20dc42d61359f52051958877a84,face_2024-12-07_183355.jpg,2024-12-07,18:33:55
694bcb2bfc90ac4d5244bbc83f651ff7,face_2024-12-07_183355.jpg,2024-12-07,18:33:55
c03a8e2b6b509060f37d4f3d935add47,face_2024-12-07_183356.jpg,2024-12-07,18:33:56
901eca5490311e2ee6e4f4f7d38e34d2,face_2024-12-07_183356.jpg,2024-12-07,18:33:56
54df3dd8ac81e88290cb2a1b7b4ec28b,face_2024-12-07_183356.jpg,2024-12-07,18:33:56
0cde02fb1716612780bba78cc948a8a6,face_2024-12-07_183356.jpg,2024-12-07,18:33:56
e3e111ce48292d165c0b933885f98717,face_2024-12-07_183356.jpg,2024-12-07,18:33:56
6e171647f150ce7834e6498a861db920,face_2024-12-07_183356.jpg,2024-12-07,18:33:56
1e970ef194f851df0e9bdf7a3f9e55b3,face_2024-12-07_183356.jpg,2024-12-07,18:33:56
fc308c037d4e8619499e8570a3696ed2,face_2024-12-07_183356.jpg,2024-12-07,18:33:56
ca66f8e3595a5fcad228e70431cd8b26,face_2024-12-07_183356.jpg,2024-12-07,18:33:56
b21679781dd5148a8e51f028de00c090,face_2024-12-07_183356.jpg,2024-12-07,18:33:56
9ea06235f932d59a4171f87fba3c7b78,face_2024-12-07_183356.jpg,2024-12-07,18:33:56
84ab4a49b2c03929df28dfe968ac16c2,face_2024-12-07_183356.jpg,2024-12-07,18:33:56
188f84b857e27dc4f1fffc64e0d0509c,face_2024-12-07_183357.jpg,2024-12-07,18:33:57
eafd7cfb7e69f0be84e4de2523d4b880,face_2024-12-07_183357.jpg,2024-12-07,18:33:57
4383e89d4bd787a45364741ec5ba1a88,face_2024-12-07_183357.jpg,2024-12-07,18:33:57
d085f7fc08c52c51bdc0ea7de8300803,face_2024-12-07_183357.jpg,2024-12-07,18:33:57
eea0b9b6a29d2455e70dd55f5e41a4be,face_2024-12-07_183357.jpg,2024-12-07,18:33:57
96f277919aff449e698fdc1fa1fcc243,face_2024-12-07_183357.jpg,2024-12-07,18:33:57
0fd19f3792300ae62294104c7e2f9fd5,face_2024-12-07_183357.jpg,2024-12-07,18:33:57
6771e1391c0db75c2be4d2a2c093ffdc,face_2024-12-07_183357.jpg,2024-12-07,18:33:57
690e332f31dce8d7fed38ce7ff812339,face_2024-12-07_183357.jpg,2024-12-07,18:33:57
2846678bc2b1f6f209e0e68999b1757d,face_2024-12-07_183357.jpg,2024-12-07,18:33:57
d9749c73f13f2453e18ddef0cab1a99e,face_2024-12-07_183357.jpg,2024-12-07,18:33:57
c74516df548ff718a90a9bb910de4bc5,face_2024-12-07_183357.jpg,2024-12-07,18:33:57
77cbb53b50aabb49a5ea952d48cc0efb,face_2024-12-07_183357.jpg,2024-12-07,18:33:57
578f54dd93edc7afe1f32b6a0deab4ae,face_2024-12-07_183357.jpg,2024-12-07,18:33:57
d225593793bd7397aaa6bb141a7900b7,face_2024-12-07_183357.jpg,2024-12-07,18:33:57
675a99e2878c2257b386925eaf18d397,face_2024-12-07_183357.jpg,2024-12-07,18:33:57
f7050c3cb0662e1acfb5393bdfb7f95f,face_2024-12-07_183357.jpg,2024-12-07,18:33:57
fc8e65242cb6d62e6f2e5f597df61209,face_2024-12-07_183357.jpg,2024-12-07,18:33:57
eae0b388babd6bdc4cf41f3a8ad31809,face_2024-12-07_183357.jpg,2024-12-07,18:33:57
807e4a703f4d1112eb2d9915d5ba67d3,face_2024-12-07_183358.jpg,2024-12-07,18:33:58
7d029aa1d8338b73d9bf2678f2508e2e,face_2024-12-07_183358.jpg,2024-12-07,18:33:58
a87c1a7e57391ce8bb7cb3733d9dc6ab,face_2024-12-07_183358.jpg,2024-12-07,18:33:58
8f0846c4141e5df26bc7a1f4b9e8337f,face_2024-12-07_183358.jpg,2024-12-07,18:33:58
56850629d26ce570f5110bb46960be62,face_2024-12-07_183358.jpg,2024-12-07,18:33:58
74d8abcacfd3dc8f19b398de031302f7,face_2024-12-07_183358.jpg,2024-12-07,18:33:58
89f93077af28a0a21dc910337758147c,face_2024-12-07_183358.jpg,2024-12-07,18:33:58
0ffa6217f3bc6d26eab9587b15580649,face_2024-12-07_183358.jpg,2024-12-07,18:33:58
b275caa5e913b407d4e0220207b1a61f,face_2024-12-07_183358.jpg,2024-12-07,18:33:58
6db0e78e4abfc3ed257aa286587c38ad,face_2024-12-07_183358.jpg,2024-12-07,18:33:58
458a94d80239eeb4f51962e18e1c401c,face_2024-12-07_183358.jpg,2024-12-07,18:33:58
b9ce9ac2804908af37ea3403a8db4892,face_2024-12-07_183358.jpg,2024-12-07,18:33:58
f2bd60667f9bf48ec637c94fd49a566d,face_2024-12-07_183358.jpg,2024-12-07,18:33:58
fbafe98305ca455f4a26d324821f8e59,face_2024-12-07_183358.jpg,2024-12-07,18:33:58
6e83b601f16be4740bf501ceca53cb8a,face_2024-12-07_183358.jpg,2024-12-07,18:33:58
03acc539cd2efb5a0ae3facaf5f22319,face_2024-12-07_183358.jpg,2024-12-07,18:33:58
8f4a0ca0cefa1014d9bc9bca82e7333b,face_2024-12-07_183358.jpg,2024-12-07,18:33:58
ac1b5a44328c29eedccebf73b95b1349,face_2024-12-07_183358.jpg,2024-12-07,18:33:58
1a4004de457ac9e031f20bac8e07c22f,face_2024-12-07_183358.jpg,2024-12-07,18:33:58
2c1f1ad827a23bdf7d00f19b24ee8e8e,face_2024-12-07_183358.jpg,2024-12-07,18:33:58
5323eab59f4e75d98225321e0bb56af0,face_2024-12-07_183358.jpg,2024-12-07,18:33:58
d6593a2b7b87c680aea77f69f660fd07,face_2024-12-07_183359.jpg,2024-12-07,18:33:59
5a8a0a41978bc55d62e84c1aa60f5b4c,face_2024-12-07_183359.jpg,2024-12-07,18:33:59
65d3b9d6068f48c0e3718c09881557bb,face_2024-12-07_183359.jpg,2024-12-07,18:33:59
c189a53ddaca4befacc6c8e248e5acb1,face_2024-12-07_183359.jpg,2024-12-07,18:33:59
92c6b7aae16f9c6aafbf7ddd1c63dd83,face_2024-12-07_183359.jpg,2024-12-07,18:33:59
ebe7621b8c336189456da115b8d6ede6,face_2024-12-07_183359.jpg,2024-12-07,18:33:59
1265cb89cb93a6ef70a7276455441f7a,face_2024-12-07_183359.jpg,2024-12-07,18:33:59
d3353b564f79531f16ac0c4e69158362,face_2024-12-07_183359.jpg,2024-12-07,18:33:59
92c17c504dea95a081e4e0da3f98b8b0,face_2024-12-07_183359.jpg,2024-12-07,18:33:59
07bd09fb787513d1d44402843a6345bf,face_2024-12-07_183359.jpg,2024-12-07,18:33:59
9717e3616e9e20b9e5265b49e9eee3ef,face_2024-12-07_183359.jpg,2024-12-07,18:33:59
b142779b0e5795ffe1c45add4aab869c,face_2024-12-07_183359.jpg,2024-12-07,18:33:59
1ac4d951781791b29b4ce6c0762878d9,face_2024-12-07_183359.jpg,2024-12-07,18:33:59
ae374c793d289880bd785f4a8426202c,face_2024-12-07_183359.jpg,2024-12-07,18:33:59
0a50dac539d2d218c03c994df73fb81b,face_2024-12-07_183359.jpg,2024-12-07,18:33:59
ee93359cad6f45c5bd8c9e3dc62e452f,face_2024-12-07_183359.jpg,2024-12-07,18:33:59
43efa92dff88bff3e71488894cb74eb8,face_2024-12-07_183359.jpg,2024-12-07,18:33:59
a1be6f55276cc59f43ff1a2001d36483,face_2024-12-07_183400.jpg,2024-12-07,18:34:00
8fc1f618d7c1cdcb215a62f820a39677,face_2024-12-07_183400.jpg,2024-12-07,18:34:00
f4473b246d9979d52a4be1887633f9ce,face_2024-12-07_183400.jpg,2024-12-07,18:34:00
c8616909978c7a06baba7bbe2d2597ee,face_2024-12-07_183400.jpg,2024-12-07,18:34:00
d18d1253b57dc9471b927e98188b8ba7,face_2024-12-07_183400.jpg,2024-12-07,18:34:00
693ac16aaf67339e8f3883916e8912b9,face_2024-12-07_183400.jpg,2024-12-07,18:34:00
9835cabe8ed5867bfbf39bea2b3b3b5a,face_2024-12-07_183400.jpg,2024-12-07,18:34:00
da295933cd22752a47896c98357236fb,face_2024-12-07_183400.jpg,2024-12-07,18:34:00
a1550ce33ef5f23c7f647a1c6565dae5,face_2024-12-07_183400.jpg,2024-12-07,18:34:00
163e591bb5a9e2cc6ce86fdf6b624dd6,face_2024-12-07_183400.jpg,2024-12-07,18:34:00
74d0952d1acb31c71e4f74696ef96890,face_2024-12-07_183400.jpg,2024-12-07,18:34:00
56d58347f8e126456eb7187cbde1f221,face_2024-12-07_183400.jpg,2024-12-07,18:34:00
ef02bb5943d8e3478c2c6ee7a375f1fc,face_2024-12-07_183400.jpg,2024-12-07,18:34:00
aff8c8948c57acd3b247da7d13a3a73b,face_2024-12-07_183400.jpg,2024-12-07,18:34:00
0a6452f9605e721e32bb5c3fd1be27eb,face_2024-12-07_183400.jpg,2024-12-07,18:34:00
a01c656a9503d8c239366e8c9e637818,face_2024-12-07_183400.jpg,2024-12-07,18:34:00
bf3fa59b77af2fc7735560d859e893ee,face_2024-12-07_183401.jpg,2024-12-07,18:34:01
ad0d7f5864978628c9cc4c64a3b2e818,face_2024-12-07_183401.jpg,2024-12-07,18:34:01
c86105d8a721f844127a0027b7c388b3,face_2024-12-07_183401.jpg,2024-12-07,18:34:01
689095b106b0a48df0a99675cf122fe7,face_2024-12-07_183401.jpg,2024-12-07,18:34:01
c36ea657e3a0d192f907821e770e2ca0,face_2024-12-07_183401.jpg,2024-12-07,18:34:01
2502279cd225da80cb1316544a986594,face_2024-12-07_183401.jpg,2024-12-07,18:34:01
06207b37fbbadc5171fc04adcf1549d8,face_2024-12-07_183401.jpg,2024-12-07,18:34:01
fd9867e433bcc89b693a7842c71480ce,face_2024-12-07_183401.jpg,2024-12-07,18:34:01
d1cb4990f3f67b1d9b7e3517f02d6fcd,face_2024-12-07_183401.jpg,2024-12-07,18:34:01
ccf8d61b2bd46df40c00bc6e4c144626,face_2024-12-07_183401.jpg,2024-12-07,18:34:01
367a86256be924dc9d9a0a543c66fac0,face_2024-12-07_183401.jpg,2024-12-07,18:34:01
7e281dd9d08935e66ce111c108eea450,face_2024-12-07_183401.jpg,2024-12-07,18:34:01
913179fde922699387c430129a848f9b,face_2024-12-07_183401.jpg,2024-12-07,18:34:01
1071cdf77da4c6644e9bb356b32cb7d1,face_2024-12-07_183401.jpg,2024-12-07,18:34:01
b02d10eb3294066c6dd97bb90d937b82,face_2024-12-07_183401.jpg,2024-12-07,18:34:01
b8901f7e212de468030d15264227ee8e,face_2024-12-07_183402.jpg,2024-12-07,18:34:02
b1c3998e4d1125508fa587abc911273d,face_2024-12-07_183402.jpg,2024-12-07,18:34:02
dbd9d934263030edd12c80141fd6eb5b,face_2024-12-07_183402.jpg,2024-12-07,18:34:02
84d411bd095b461969e603f236a3b3d8,face_2024-12-07_183402.jpg,2024-12-07,18:34:02
1cd8f5fc08705be6616221cc47e9d9ee,face_2024-12-07_183402.jpg,2024-12-07,18:34:02
2abfd60804b5eca5acd348e5deeecf10,face_2024-12-07_183402.jpg,2024-12-07,18:34:02
a1485a5f944572baa549ba2a9bc3afc6,face_2024-12-07_183402.jpg,2024-12-07,18:34:02
f11eb0b6250f5f104f711af5e1ddf423,face_2024-12-07_183402.jpg,2024-12-07,18:34:02
50d711812a653709c7fdef19d5de2780,face_2024-12-07_183402.jpg,2024-12-07,18:34:02
056b5a21f7f587311e903125a86e0f45,face_2024-12-07_183402.jpg,2024-12-07,18:34:02
3d9384f9462bdd6e940476824577f1a4,face_2024-12-07_183402.jpg,2024-12-07,18:34:02
c78252b92f5166a62fc7b78d4849257c,face_2024-12-07_183402.jpg,2024-12-07,18:34:02
70310c9d0d46887284cea35a5198ca5a,face_2024-12-07_183402.jpg,2024-12-07,18:34:02
8369e3499aa2a57cf8022d6e79a3a122,face_2024-12-07_183402.jpg,2024-12-07,18:34:02
251a0a5fe6f77b7b54be565e0d6176d9,face_2024-12-07_183402.jpg,2024-12-07,18:34:02
80e0ad510d929a1de429160b06556b1f,face_2024-12-07_183402.jpg,2024-12-07,18:34:02
34b4162ec99aa8b3e66f3a0d203f94ca,face_2024-12-07_183403.jpg,2024-12-07,18:34:03
e2c209133569f8215dbbddedc7ef9cde,face_2024-12-07_183403.jpg,2024-12-07,18:34:03
1c2d199d370550aa501e0c651e63d239,face_2024-12-07_183403.jpg,2024-12-07,18:34:03
b7467dec7e3dad5a0db40d9863803ca1,face_2024-12-07_183403.jpg,2024-12-07,18:34:03
55afa5204b1dad92ea913ae54aa9810f,face_2024-12-07_183403.jpg,2024-12-07,18:34:03
2c88ebba9e0a5bb4f969607f1433ea03,face_2024-12-07_183403.jpg,2024-12-07,18:34:03
c9131ec56c888de1aedde67fd33074d2,face_2024-12-07_183403.jpg,2024-12-07,18:34:03
132f9bb1a832c80f53cf20ac9471a24d,face_2024-12-07_183403.jpg,2024-12-07,18:34:03
3fbff78bdf3fd113153f0389337b1c23,face_2024-12-07_183403.jpg,2024-12-07,18:34:03
4a27eb1ce3322c9b0167c13be73142f4,face_2024-12-07_183403.jpg,2024-12-07,18:34:03
9547cac007f9c807bc7eab324d557394,face_2024-12-07_183403.jpg,2024-12-07,18:34:03
31afed35e898b21f80686aa36f7b61da,face_2024-12-07_183403.jpg,2024-12-07,18:34:03
d3e22dd89a9bef06886ed2a4eae785a5,face_2024-12-07_183403.jpg,2024-12-07,18:34:03
e6935bf0cf13f7ae752284fdbc3b1ebe,face_2024-12-07_183403.jpg,2024-12-07,18:34:03
68e90fd7799ffc7617c9328cead2abd9,face_2024-12-07_183403.jpg,2024-12-07,18:34:03
d13beafed893f0bbe682ed15c1974508,face_2024-12-07_183404.jpg,2024-12-07,18:34:04
d791d0bb9c66df5b0cc9952d0bf79986,face_2024-12-07_183404.jpg,2024-12-07,18:34:04
3377ad30410b18af76541c54f52e6e3b,face_2024-12-07_183404.jpg,2024-12-07,18:34:04
46ec75fad7c9c0bd2f85f7173828da79,face_2024-12-07_183404.jpg,2024-12-07,18:34:04
12f7218dc9fb81a80475a999ec9a4647,face_2024-12-07_183404.jpg,2024-12-07,18:34:04
cb653a3db31a333a15a3ac90dfc398a8,face_2024-12-07_183404.jpg,2024-12-07,18:34:04
b1777074331d7e2a0fa9672e5933951b,face_2024-12-07_183404.jpg,2024-12-07,18:34:04
ed4a0c15ed7766537265598913fb8109,face_2024-12-07_183404.jpg,2024-12-07,18:34:04
8a18c197783461f4423619a96e0608fe,face_2024-12-07_183404.jpg,2024-12-07,18:34:04
ae665aca359d73472e8e1cacfb5cc789,face_2024-12-07_183404.jpg,2024-12-07,18:34:04
09960735a83e6e4c6ed65222160d04ba,face_2024-12-07_183404.jpg,2024-12-07,18:34:04
ae1fa9b7f88a9a452893140f41e8c13d,face_2024-12-07_183404.jpg,2024-12-07,18:34:04
eb18a48744b3bd422b4bef70873bca65,face_2024-12-07_183404.jpg,2024-12-07,18:34:04
d3c507813d3ad749a96021347b635fbe,face_2024-12-07_183404.jpg,2024-12-07,18:34:04
8c96a6981ebe4e84b8b36f7d314205fe,face_2024-12-07_183404.jpg,2024-12-07,18:34:04
7580f783ca26e4242818844dc6538a00,face_2024-12-07_183404.jpg,2024-12-07,18:34:04
184c5bf9dfea7157a97237aa762b776e,face_2024-12-07_183405.jpg,2024-12-07,18:34:05
f95393728fe369483efd600ed25988f8,face_2024-12-07_183405.jpg,2024-12-07,18:34:05
79aaec9580c3927f8c8437aaf2564019,face_2024-12-07_183405.jpg,2024-12-07,18:34:05
8bd418d553c9652b16b515ce35d3ffa9,face_2024-12-07_183405.jpg,2024-12-07,18:34:05
de5b7c66d1ab16c6fa9b398fa7a09337,face_2024-12-07_183405.jpg,2024-12-07,18:34:05
09cebaaffdd4ebe1c9727163ee4fcebf,face_2024-12-07_183405.jpg,2024-12-07,18:34:05
ff4c689cf2b3023225bb91447d7e316b,face_2024-12-07_183405.jpg,2024-12-07,18:34:05
aa4e278c4578463d91ce291a17918a97,face_2024-12-07_183405.jpg,2024-12-07,18:34:05
99adca869d5b97c597fbc15edad9f742,face_2024-12-07_183405.jpg,2024-12-07,18:34:05
47baabec67e8da81a31b629ff71072e6,face_2024-12-07_183405.jpg,2024-12-07,18:34:05
1820cd42e3301de86da12c12de9f9029,face_2024-12-07_183405.jpg,2024-12-07,18:34:05
1622671fe2bfea706afb8ba90daaced3,face_2024-12-07_183405.jpg,2024-12-07,18:34:05
08cebb33e799ea18ae52afa9bb2a8ffe,face_2024-12-07_183405.jpg,2024-12-07,18:34:05
285204310e651ddcb5a4ded2857b949b,face_2024-12-07_183405.jpg,2024-12-07,18:34:05
5c649a2136991f0c581f7805ca1f623e,face_2024-12-07_183405.jpg,2024-12-07,18:34:05
847daea034d7e1168e1faa26a92700a0,face_2024-12-07_183406.jpg,2024-12-07,18:34:06
312c03a9ed3f270c98b24d7a177a0ef4,face_2024-12-07_183406.jpg,2024-12-07,18:34:06
1c6a3f362c64a151e133948ef036b9f1,face_2024-12-07_183406.jpg,2024-12-07,18:34:06
7bb25876d2f6ee45a0e2ddbf0baa4779,face_2024-12-07_183406.jpg,2024-12-07,18:34:06
b8d2bea37b1c4afe730e81fea7690dfb,face_2024-12-07_183406.jpg,2024-12-07,18:34:06
db2277a6116fafe9546fb86caa955ae7,face_2024-12-07_183406.jpg,2024-12-07,18:34:06
276a925e37cb4f783611c239370d1880,face_2024-12-07_183406.jpg,2024-12-07,18:34:06
8b1858a50e1452759b368eca81f3bdd7,face_2024-12-07_183406.jpg,2024-12-07,18:34:06
260a7e6f4d02d82d8bc0a8aed88c65c5,face_2024-12-07_183406.jpg,2024-12-07,18:34:06
fb1f31aa15a1cf1474fd6d6d839ee61d,face_2024-12-07_183406.jpg,2024-12-07,18:34:06
678bfeb3d9fa11a00d6ab39adbdcb32c,face_2024-12-07_183406.jpg,2024-12-07,18:34:06
074dca03aed2266ad2270d6b88a88614,face_2024-12-07_183406.jpg,2024-12-07,18:34:06
f1a1b32be9fea044adb00561859cedbd,face_2024-12-07_183406.jpg,2024-12-07,18:34:06
89a67eda57c226a201f87b1d1182d2e0,face_2024-12-07_183406.jpg,2024-12-07,18:34:06
abea8e9e551b9631425c946ce1c89c86,face_2024-12-07_183406.jpg,2024-12-07,18:34:06
1ab0a79ad2957d4bd4d75972023643a8,face_2024-12-07_183406.jpg,2024-12-07,18:34:06
3c3af7e2e7ebc7408153ee39b7b2cc15,face_2024-12-07_183406.jpg,2024-12-07,18:34:06
0321e1a4608fb46a861d98282abf3bb2,face_2024-12-07_183407.jpg,2024-12-07,18:34:07
7f48e7aab19abaf7f92127cf6727190c,face_2024-12-07_183407.jpg,2024-12-07,18:34:07
163497e9416cc67bfae455aeef55ed96,face_2024-12-07_183407.jpg,2024-12-07,18:34:07
3880e6be079ff4a035635fa9afbcf66f,face_2024-12-07_183407.jpg,2024-12-07,18:34:07
27e788a15ca12c64badb31f08f6a2d19,face_2024-12-07_183407.jpg,2024-12-07,18:34:07
415841efeb7816bb8aa8a74ff7bb6cbf,face_2024-12-07_183407.jpg,2024-12-07,18:34:07
e10ed5ca433dc88c098c1eaaa27dcea4,face_2024-12-07_183407.jpg,2024-12-07,18:34:07
f5d3a85cefbcce8539580b1cbef98a07,face_2024-12-07_183407.jpg,2024-12-07,18:34:07
f8a550e27f98d5c17d0548837062cbae,face_2024-12-07_183407.jpg,2024-12-07,18:34:07
b141df6392ff5fb0fd0abaf032afe1af,face_2024-12-07_183407.jpg,2024-12-07,18:34:07
fd0f1fb0745c46ed3672077692ff24ad,face_2024-12-07_183407.jpg,2024-12-07,18:34:07
06d6bf8a09b369189da01ecc83b3dab7,face_2024-12-07_183407.jpg,2024-12-07,18:34:07
edc6b2cf9d1a815f432eb19e576caff4,face_2024-12-07_183407.jpg,2024-12-07,18:34:07
7b93f3fe71ef67ab9ecbde1fc70ac85e,face_2024-12-07_183407.jpg,2024-12-07,18:34:07
fea22f093edc02d34c01615d409f7703,face_2024-12-07_183407.jpg,2024-12-07,18:34:07
f1bbc8afb4a55e7b73e0591c3292d02c,face_2024-12-07_183407.jpg,2024-12-07,18:34:07
7ef3af6f86030ef20066a2e554c64bc6,face_2024-12-07_183407.jpg,2024-12-07,18:34:07
6b47ccfa62a8884c811350f292375055,face_2024-12-07_183407.jpg,2024-12-07,18:34:07
d9fe87519b85b0d611f26ca0d735d771,face_2024-12-07_183408.jpg,2024-12-07,18:34:08
0d4450bbc43f0adb284ceae628d1b5a1,face_2024-12-07_183408.jpg,2024-12-07,18:34:08
1a52905f2d67f189b9712af27711615e,face_2024-12-07_183408.jpg,2024-12-07,18:34:08
8b1991d7b599b0ba6a2999de0483ba59,face_2024-12-07_183408.jpg,2024-12-07,18:34:08
6fbdf62d64cd2631a0159a13b26a3d36,face_2024-12-07_183408.jpg,2024-12-07,18:34:08
40968ff6026fcb760dafc615a8d02961,face_2024-12-07_183408.jpg,2024-12-07,18:34:08
4975f7b12da51541eff112a774adb2a1,face_2024-12-07_183408.jpg,2024-12-07,18:34:08
f8a29b7d1344ef912fc85f39813d65ef,face_2024-12-07_183408.jpg,2024-12-07,18:34:08
03ac5018e1399cbce03587780eb3fada,face_2024-12-07_183408.jpg,2024-12-07,18:34:08
db4956d0839e92c0ff1581b52f48773b,face_2024-12-07_183408.jpg,2024-12-07,18:34:08
fc06b1ce10985279a1ef8e551b69caab,face_2024-12-07_183408.jpg,2024-12-07,18:34:08
86f22ec88a55eb665aa5d677d54e3761,face_2024-12-07_183408.jpg,2024-12-07,18:34:08
fd8cd0f845cebfeebf2c1d27a0583dfc,face_2024-12-07_183408.jpg,2024-12-07,18:34:08
8c9026fbe18be168650ddfcbd2a40c90,face_2024-12-07_183408.jpg,2024-12-07,18:34:08
403f500571ce9bbb503363e5c7f2e159,face_2024-12-07_183409.jpg,2024-12-07,18:34:09
c1a5b74971e7afaa73497993ddcfffb9,face_2024-12-07_183409.jpg,2024-12-07,18:34:09
1a5559e3f34eb25ca4c04f77aef63173,face_2024-12-07_183409.jpg,2024-12-07,18:34:09
2388c5dbd481bd192e1f18f2b80b1d63,face_2024-12-07_183409.jpg,2024-12-07,18:34:09
62567a73658960b3a1bb5e73d790e99c,face_2024-12-07_183409.jpg,2024-12-07,18:34:09
4f2810cde4871e6adfc15387824c447f,face_2024-12-07_183409.jpg,2024-12-07,18:34:09
eabebbcf42b15c6465c04d0903915453,face_2024-12-07_183409.jpg,2024-12-07,18:34:09
aaa29c5a0dc3d72ca8ee2fed16a5b2bf,face_2024-12-07_183409.jpg,2024-12-07,18:34:09
097d27d3d2370b500de3aa64b27dba2e,face_2024-12-07_183409.jpg,2024-12-07,18:34:09
30e78edb4ca0178c5aa19b10c867d9b6,face_2024-12-07_183409.jpg,2024-12-07,18:34:09
d31e2e7c053ef6eb074d9222b3df6386,face_2024-12-07_183409.jpg,2024-12-07,18:34:09
22aded8ea8e732dfad2f37ae0efe6372,face_2024-12-07_183410.jpg,2024-12-07,18:34:10
f0421fa6c3885244da2c41b51162fd36,face_2024-12-07_183410.jpg,2024-12-07,18:34:10
f57121252a4496b24960eac24ce97ca5,face_2024-12-07_183410.jpg,2024-12-07,18:34:10
4731577da9df3d8559a9bcf7e4fd98bb,face_2024-12-07_183410.jpg,2024-12-07,18:34:10
017db1f11f4d8b49edae9772d0cd3998,face_2024-12-07_183410.jpg,2024-12-07,18:34:10
7e71313f239f8a271a7ec019b06897cf,face_2024-12-07_183410.jpg,2024-12-07,18:34:10
a1bab5db32c3c58a2a148aa591772cd4,face_2024-12-07_183410.jpg,2024-12-07,18:34:10
9ad16f8f5ec46d2bf1704b691ab03ebc,face_2024-12-07_183410.jpg,2024-12-07,18:34:10
bf6be5bda438e467d8ff9645f203782c,face_2024-12-07_183410.jpg,2024-12-07,18:34:10
2764141c921cd5ca98d342a9ef99a404,face_2024-12-07_183410.jpg,2024-12-07,18:34:10
cdf7fea6e519e2fad11400cad1b01a53,face_2024-12-07_183410.jpg,2024-12-07,18:34:10
8f8994fe65ef3760f15e9d39744a7c76,face_2024-12-07_183410.jpg,2024-12-07,18:34:10
9de9495331cf2aba3eecabea96d04be3,face_2024-12-07_183410.jpg,2024-12-07,18:34:10
1d625cb8ac59f35465684b04f95db4f3,face_2024-12-07_183410.jpg,2024-12-07,18:34:10
bf83f3c3b12ff216a71f5d549a3ccb50,face_2024-12-07_183410.jpg,2024-12-07,18:34:10
a43acadac7611a2543585787b091bfec,face_2024-12-07_183411.jpg,2024-12-07,18:34:11
0e6598b5476d117f627edb558cc0d660,face_2024-12-07_183411.jpg,2024-12-07,18:34:11
f7fe30adc31ddc3a560a30a75f25e3a5,face_2024-12-07_183411.jpg,2024-12-07,18:34:11
85cf502342aaa44af021aec8d6ccd2e0,face_2024-12-07_183411.jpg,2024-12-07,18:34:11
73fec31ec28611ec254d37505a82b655,face_2024-12-07_183411.jpg,2024-12-07,18:34:11
bfb5b006d12a26fc8e8221961034a518,face_2024-12-07_183411.jpg,2024-12-07,18:34:11
90f6c11b687206765a6731c5529675c4,face_2024-12-07_183411.jpg,2024-12-07,18:34:11
b668f0ed3916d1c8ad5dcb50dd027760,face_2024-12-07_183411.jpg,2024-12-07,18:34:11
938c03b839059d1f3f2396a579e718b4,face_2024-12-07_183411.jpg,2024-12-07,18:34:11
168a6ba7b52529417af9abd1b079e96a,face_2024-12-07_183411.jpg,2024-12-07,18:34:11
298483cdfd3d043701587b844ea243b1,face_2024-12-07_183411.jpg,2024-12-07,18:34:11
c11ff9b538ea43e0fd47a65ddac21108,face_2024-12-07_183411.jpg,2024-12-07,18:34:11
9b4f3f8e9a2883134ac5e7266b7c2396,face_2024-12-07_183411.jpg,2024-12-07,18:34:11
ae2a81182c8b0579b15fd70e69b91b23,face_2024-12-07_183411.jpg,2024-12-07,18:34:11
366f9ee33586c6b16814e0bc08659f58,face_2024-12-07_183411.jpg,2024-12-07,18:34:11
35e5225be7d36fe58f14cef3a4391837,face_2024-12-07_183411.jpg,2024-12-07,18:34:11
dc4d08b048fdadad80834c8fc9ec7a9a,face_2024-12-07_183412.jpg,2024-12-07,18:34:12
824a65370fe1a68789f022ea874d9416,face_2024-12-13_155109.jpg,2024-12-13,15:51:09
ec5d5055231a22fbd7cd4f8f42989ad6,face_2024-12-13_155111.jpg,2024-12-13,15:51:11
aa4d54c5a1b018392dff80a850c40b31,face_2024-12-13_155111.jpg,2024-12-13,15:51:11
b974899ef898d6ca8b7b31387882be62,face_2024-12-13_155111.jpg,2024-12-13,15:51:11
962861fdbe08cf45f3d04520a12db239,face_2024-12-13_155111.jpg,2024-12-13,15:51:11
3d66174729b5b6482f38b4146c8e4a35,face_2024-12-13_155112.jpg,2024-12-13,15:51:12
ae1626412aeb74cb5bbaf082b05a1491,face_2024-12-13_155112.jpg,2024-12-13,15:51:12
26480d606123e0de85b8620d13b56188,face_2024-12-13_155112.jpg,2024-12-13,15:51:12
77d01d3df444e32ac82fdc32567b1468,face_2024-12-13_155112.jpg,2024-12-13,15:51:12
30eff0bc462c605424e457fdd3a850ff,face_2024-12-13_155112.jpg,2024-12-13,15:51:12
2728dfad1a1ee6810e11525e3ff908f7,face_2024-12-13_155112.jpg,2024-12-13,15:51:12
6484aadad417f51b586c4047e0de2faf,face_2024-12-13_155112.jpg,2024-12-13,15:51:12
eedf5947a8f7e02e14307b5baa03a16e,face_2024-12-13_155112.jpg,2024-12-13,15:51:12
0006bba87d06574404e71222ebd6c6b1,face_2024-12-13_155112.jpg,2024-12-13,15:51:12
43e08c927bd637fa4d0b6ac45fe9e4d1,face_2024-12-13_155112.jpg,2024-12-13,15:51:12
d61094e457ed155cc5ecf551f1c9d4ef,face_2024-12-13_155112.jpg,2024-12-13,15:51:12
de3233c0e805dbb77b4a510371a6dc1c,face_2024-12-13_155112.jpg,2024-12-13,15:51:12
9bbbc03cab534457fa2968bb51f9db2d,face_2024-12-13_155112.jpg,2024-12-13,15:51:12
76adf1afe61081d2359e426a3ab4630b,face_2024-12-13_155112.jpg,2024-12-13,15:51:12
9d77f6cfa1862ef21dd071a14bfbc9d4,face_2024-12-13_155112.jpg,2024-12-13,15:51:12
270fcca4807cfd46061901ce93c60750,face_2024-12-13_155113.jpg,2024-12-13,15:51:13
cd485a36585c8df98bc6ecdba1ce2ce3,face_2024-12-13_155113.jpg,2024-12-13,15:51:13
8a0ab78eb31a5f334e073672c25a4c0a,face_2024-12-13_155113.jpg,2024-12-13,15:51:13
a4a28dc44863287503703c9f33791cdd,face_2024-12-13_155113.jpg,2024-12-13,15:51:13
5da4ff9f489bb6cac42d40c031d727ee,face_2024-12-13_155113.jpg,2024-12-13,15:51:13
dfe2a8b1b124b28870e5e04d0f60aa7e,face_2024-12-13_155113.jpg,2024-12-13,15:51:13
655e538a512b0ed7e8adee81605583e7,face_2024-12-13_155113.jpg,2024-12-13,15:51:13
ea467e80b3aae3e5705707ec7df2ce98,face_2024-12-13_155113.jpg,2024-12-13,15:51:13
94ff05100f5ea6c8bfc5a6cd0e76a937,face_2024-12-13_155113.jpg,2024-12-13,15:51:13
946ac0eafad8a7f7d6dd6e2a118e945b,face_2024-12-13_155113.jpg,2024-12-13,15:51:13
c062449db4d3417b66c0b38af2771f00,face_2024-12-13_155113.jpg,2024-12-13,15:51:13
db24f47844ea8a2a1275c698c03030c7,face_2024-12-13_155113.jpg,2024-12-13,15:51:13
35f80b3d6d991b90f5593b5e54180354,face_2024-12-13_155113.jpg,2024-12-13,15:51:13
43e7948f97828828d46a94b086a3ce67,face_2024-12-13_155113.jpg,2024-12-13,15:51:13
d499b8d14d3d2a7d76473f00a535f8a0,face_2024-12-13_155113.jpg,2024-12-13,15:51:13
d1e364a0d37ff90bd05cc0b622ec207e,face_2024-12-13_155113.jpg,2024-12-13,15:51:13
43e522b0b9452e95fa50147fe307928e,face_2024-12-13_155113.jpg,2024-12-13,15:51:13
618e310fce55585246eedbefab40657e,face_2024-12-13_155113.jpg,2024-12-13,15:51:13
85e88c7898847458f8b5b9377a8c6ac9,face_2024-12-13_155113.jpg,2024-12-13,15:51:13
737a70f5c0d2fe79c94ba65c07c668c3,face_2024-12-13_155113.jpg,2024-12-13,15:51:13
99cdc45361dee99ee9881d169fa6bdb6,face_2024-12-13_155113.jpg,2024-12-13,15:51:13
3592feed7e77b622faf61eaa7ff5dddf,face_2024-12-13_155113.jpg,2024-12-13,15:51:13
dce5320475bb14e25f59fa1f46ada841,face_2024-12-13_155113.jpg,2024-12-13,15:51:13
c60b1a66424f8abbbc8423e4a7119676,face_2024-12-13_155114.jpg,2024-12-13,15:51:14
561ae57fd90b4c4f2ba0ce3acdd3b9c0,face_2024-12-13_155114.jpg,2024-12-13,15:51:14
d125bc00988d6eea7c44cf8a06ec6ca2,face_2024-12-13_155114.jpg,2024-12-13,15:51:14
76769f1fa1295510cacd06d26f0a4cbf,face_2024-12-13_155114.jpg,2024-12-13,15:51:14
f5fca3c09714984c31a20e2dad623ce6,face_2024-12-13_155114.jpg,2024-12-13,15:51:14
da710be9465b15c747aabb9b79ec47b1,face_2024-12-13_155114.jpg,2024-12-13,15:51:14
e911314eb8890ccd280efb2e1043ea06,face_2024-12-13_155114.jpg,2024-12-13,15:51:14
da78e41a7096ccfe2c1ea1ef886a7906,face_2024-12-13_155114.jpg,2024-12-13,15:51:14
e095147acccf71c91773b22803b7d465,face_2024-12-13_155114.jpg,2024-12-13,15:51:14
b7af873c757f38bc69f601c562ee2231,face_2024-12-13_155114.jpg,2024-12-13,15:51:14
f2a12a6a7b72bd66afe412b1f299a0e2,face_2024-12-13_155114.jpg,2024-12-13,15:51:14
35c03e67bca0ada1669d929c22fdef2d,face_2024-12-13_155114.jpg,2024-12-13,15:51:14
b4cce78de641bcf765188359025b114f,face_2024-12-13_155114.jpg,2024-12-13,15:51:14
70f4ad839c68642835a413937f0b43ea,face_2024-12-13_155114.jpg,2024-12-13,15:51:14
a4c4d8aeee6ebf96e6581a3903a5dbf6,face_2024-12-13_155114.jpg,2024-12-13,15:51:14
97e95c0241c8312ac7c86bc5f3432bb8,face_2024-12-13_155114.jpg,2024-12-13,15:51:14
9c77182d0da8c8fbf510ce304f486562,face_2024-12-13_155114.jpg,2024-12-13,15:51:14
d8da672965b6935fcec5461e9ed787bb,face_2024-12-13_155114.jpg,2024-12-13,15:51:14
0c9afcb0afb04896625cc4d2be377b5b,face_2024-12-13_155114.jpg,2024-12-13,15:51:14
f835fb147693181feb987f732660a1fd,face_2024-12-13_155114.jpg,2024-12-13,15:51:14
cfd49cd10498b28de9bab6413404fad9,face_2024-12-13_155114.jpg,2024-12-13,15:51:14
2660cca1643335d4141d817a30dac5ca,face_2024-12-13_155114.jpg,2024-12-13,15:51:14
da1d10fbea762d699521542b30c3a1d6,face_2024-12-13_155114.jpg,2024-12-13,15:51:14
33baf71db08b583334f879abb8f46095,face_2024-12-13_155114.jpg,2024-12-13,15:51:14
d5b9035006000a07692081ed7531e220,face_2024-12-13_155114.jpg,2024-12-13,15:51:14
434bb49ef616e6e37b97020360e4d884,face_2024-12-13_155114.jpg,2024-12-13,15:51:14
5808796ae9d870bf11d39baaec25163b,face_2024-12-13_155114.jpg,2024-12-13,15:51:14
bc2fbb6a3632247c0986b0852cd0052c,face_2024-12-13_155114.jpg,2024-12-13,15:51:14
e0290d3e104a3ae5687dccc31eb42c3e,face_2024-12-13_155114.jpg,2024-12-13,15:51:14
c8072d6e2ed51c8d3d9ce84d09ce47e0,face_2024-12-13_155115.jpg,2024-12-13,15:51:15
48b9d7d068c8877809d62ab4893254c8,face_2024-12-13_155115.jpg,2024-12-13,15:51:15
71e02d01c4b4a5551b04c8806ff65f32,face_2024-12-13_155115.jpg,2024-12-13,15:51:15
7717084ce93cf371f268602ce235751c,face_2024-12-13_155115.jpg,2024-12-13,15:51:15
2195c905c33cc5e36d0f67322f212299,face_2024-12-13_155115.jpg,2024-12-13,15:51:15
2f50abf555abcd3f1ce3bb835405da7a,face_2024-12-13_155115.jpg,2024-12-13,15:51:15
12d60684038611ffae5f71c3eed90b6f,face_2024-12-13_155115.jpg,2024-12-13,15:51:15
347d054df4324534c09b2d1d48149779,face_2024-12-13_155115.jpg,2024-12-13,15:51:15
b1fc72fc72146ad066cbd64fbe1fe8f2,face_2024-12-13_155115.jpg,2024-12-13,15:51:15
c09a7ed18dc891ce8190aa7f8df5340e,face_2024-12-13_155115.jpg,2024-12-13,15:51:15
77f027cb9546ad27d890a82d0521750d,face_2024-12-13_155115.jpg,2024-12-13,15:51:15
e195e00c40e3f3f742920d2e090d591e,face_2024-12-13_155115.jpg,2024-12-13,15:51:15
31ff2844f3d7d054c7562ac6ccf26ba7,face_2024-12-13_155115.jpg,2024-12-13,15:51:15
d43cc07241fad81b01af5a013ab234f4,face_2024-12-13_155115.jpg,2024-12-13,15:51:15
43f4acbfc48b801ac7471b331a6fb575,face_2024-12-13_155115.jpg,2024-12-13,15:51:15
25b0e00e78709b26a6f21af34df14eea,face_2024-12-13_155115.jpg,2024-12-13,15:51:15
7a80c8734a5e2df0b6afb27344081248,face_2024-12-13_155115.jpg,2024-12-13,15:51:15
e41c1d9736efed37db868d4888298102,face_2024-12-13_155115.jpg,2024-12-13,15:51:15
c7e6b736ce79932eca7b01521838d88a,face_2024-12-13_155115.jpg,2024-12-13,15:51:15
206609178098e6f23863c055865207f2,face_2024-12-13_155115.jpg,2024-12-13,15:51:15
63b7360f7b2506a8d69310ef87e10d5a,face_2024-12-13_155115.jpg,2024-12-13,15:51:15
9d1aa4d3679b5ef5a77b56a9e066ea6a,face_2024-12-13_155115.jpg,2024-12-13,15:51:15
b747021f14045c92498dfc27e419d7e0,face_2024-12-13_155115.jpg,2024-12-13,15:51:15
dff51566d76eb20482bec5f19e764149,face_2024-12-13_155115.jpg,2024-12-13,15:51:15
4ce85df8e6caa333503b32ee79ecc8ec,face_2024-12-13_155116.jpg,2024-12-13,15:51:16
f3b3aeda57bf53b2e647445a45399678,face_2024-12-13_155116.jpg,2024-12-13,15:51:16
6eb54fabbe7aaaad8e7db0269412bf47,face_2024-12-13_155116.jpg,2024-12-13,15:51:16
24d13d1a7e9b94fd8c73cee25275050b,face_2024-12-13_155116.jpg,2024-12-13,15:51:16
c4996c37097403ca1ef05f3f11f1f3d7,face_2024-12-13_155116.jpg,2024-12-13,15:51:16
68fde88bfc7dc4cd09fac571bab0d22b,face_2024-12-13_155116.jpg,2024-12-13,15:51:16
01d279786a1ab496320b69f4c8fc26dd,face_2024-12-13_155116.jpg,2024-12-13,15:51:16
e057d432164c60d29dc28c19bba0e695,face_2024-12-13_155116.jpg,2024-12-13,15:51:16
4df59df7a56edc776629eed326810048,face_2024-12-13_155116.jpg,2024-12-13,15:51:16
9ead15deb13922f4caeca384b246f440,face_2024-12-13_155116.jpg,2024-12-13,15:51:16
26c15a91ca83957b020afc4ef1ff253a,face_2024-12-13_155116.jpg,2024-12-13,15:51:16
17f3bc960d18d493efe651bc33b0a9c8,face_2024-12-13_155116.jpg,2024-12-13,15:51:16
7c2f9d76ab945c7ef671603ffb178d7f,face_2024-12-13_155116.jpg,2024-12-13,15:51:16
f2e30bdc09e452305ae6bc8a21b31edc,face_2024-12-13_155116.jpg,2024-12-13,15:51:16
56362142fef6562066fb966d20d6a2e7,face_2024-12-13_155116.jpg,2024-12-13,15:51:16
f02fff8ecd4b1c342018396eb178b02e,face_2024-12-13_155116.jpg,2024-12-13,15:51:16
b847e8eb9019dd19676506b16834cd49,face_2024-12-13_155116.jpg,2024-12-13,15:51:16
d0235d4b4871005cea53460a34479f23,face_2024-12-13_155116.jpg,2024-12-13,15:51:16
6f246a30979a1da90a882bf11003f588,face_2024-12-13_155116.jpg,2024-12-13,15:51:16
f9f075c704e1eb2186663ad5daa4ff54,face_2024-12-13_155116.jpg,2024-12-13,15:51:16
d153ee795900d7bc2732b0749b65592a,face_2024-12-13_155116.jpg,2024-12-13,15:51:16
c52dfa98a51f1f6f9dfae635197ad62e,face_2024-12-13_155116.jpg,2024-12-13,15:51:16
4d170f2f99d6d5aad0aa95c97ca62bd6,face_2024-12-13_155117.jpg,2024-12-13,15:51:17
ee3b212511271b70364cf4ca72ea786d,face_2024-12-13_155117.jpg,2024-12-13,15:51:17
5108232d387580108b94f0eb6db782d6,face_2024-12-13_155117.jpg,2024-12-13,15:51:17
dbe2670a2d8c94655d6a120c6dc603fc,face_2024-12-13_155117.jpg,2024-12-13,15:51:17
b18338b5c9fe62b633519bd5626084c4,face_2024-12-13_155117.jpg,2024-12-13,15:51:17
a13802241c4c7fe4fc4802a4aec2e12b,face_2024-12-13_155117.jpg,2024-12-13,15:51:17
c277b8cac28f4fff487384b2f1629c89,face_2024-12-13_155117.jpg,2024-12-13,15:51:17
e50abf8ef780fb899622ae2077153847,face_2024-12-13_155117.jpg,2024-12-13,15:51:17
66403ca92529886c236855a928d85cd2,face_2024-12-13_155117.jpg,2024-12-13,15:51:17
d1928b0f9850f74fcb2c0c7948ea8c74,face_2024-12-13_155117.jpg,2024-12-13,15:51:17
be9226b164ad53c7cc51ed8149e591d6,face_2024-12-13_155117.jpg,2024-12-13,15:51:17
4a3e38510b4fe4a677d6121cbf2e05f6,face_2024-12-13_155117.jpg,2024-12-13,15:51:17
549b5a4335d998749cb2a40503e29cf5,face_2024-12-13_155117.jpg,2024-12-13,15:51:17
91d34308861424b5b9cc294210c51533,face_2024-12-13_155117.jpg,2024-12-13,15:51:17
4ec8f3518fccf257ba64792ecfe6dfea,face_2024-12-13_155117.jpg,2024-12-13,15:51:17
683f31527bdbf0ae808ae5ecef9b1726,face_2024-12-13_155117.jpg,2024-12-13,15:51:17
1dc635e38b26217cac46b388173c53e0,face_2024-12-13_155117.jpg,2024-12-13,15:51:17
49f4a825b3ce992d51d3d061c5d79489,face_2024-12-13_155117.jpg,2024-12-13,15:51:17
120553cc8580a0ee0e09e2d8ac596350,face_2024-12-13_155117.jpg,2024-12-13,15:51:17
df76d0177fdc2c93a4b16194042be419,face_2024-12-13_155117.jpg,2024-12-13,15:51:17
fc81d680df2957c716e397a1e0427f62,face_2024-12-13_155117.jpg,2024-12-13,15:51:17
273ac37b7f052cd4d62ebffb44168f36,face_2024-12-13_155117.jpg,2024-12-13,15:51:17
24b4dde0eeabf4ef961fe62955e6c90d,face_2024-12-13_155117.jpg,2024-12-13,15:51:17
d9e0849df8bb6bf8f9b361c314f50e57,face_2024-12-13_155118.jpg,2024-12-13,15:51:18
2aa0ac50557072a2dc8d65ee13dcf2c3,face_2024-12-13_155118.jpg,2024-12-13,15:51:18
71f83443aa35d4800d31812eb2d67f63,face_2024-12-13_155118.jpg,2024-12-13,15:51:18
ebc327d6edc4515be24effcad7182e94,face_2024-12-13_155118.jpg,2024-12-13,15:51:18
466c8f3cbcdb0ac20ccff8c0f26b30f0,face_2024-12-13_155118.jpg,2024-12-13,15:51:18
f73cf4a1821dcf4be03f0c30b2ced4fc,face_2024-12-13_155118.jpg,2024-12-13,15:51:18
19368a79ebc201f66327982552978325,face_2024-12-13_155118.jpg,2024-12-13,15:51:18
2de90483fa90c135b2152188b2aa6d02,face_2024-12-13_155118.jpg,2024-12-13,15:51:18
7aa52b403b9670bac6aa165e09d47020,face_2024-12-13_155118.jpg,2024-12-13,15:51:18
d8f67411c5ee58396c2d4d0580348699,face_2024-12-13_155118.jpg,2024-12-13,15:51:18
3490d33042e91517a922d021e925ef65,face_2024-12-13_155118.jpg,2024-12-13,15:51:18
bf94aa34e0cd1695373468e79ff75fef,face_2024-12-13_155118.jpg,2024-12-13,15:51:18
fd1a018af835085da319a89568802be2,face_2024-12-13_155118.jpg,2024-12-13,15:51:18
676778971c05edbe05684a970742c4e2,face_2024-12-13_155118.jpg,2024-12-13,15:51:18
250878ee75c4863d40d5c37c595610ed,face_2024-12-13_155118.jpg,2024-12-13,15:51:18
1c6d0e0e04a49d132a338d190361adc1,face_2024-12-13_155118.jpg,2024-12-13,15:51:18
c7e2de033b26f60393eb224cccc18d71,face_2024-12-13_155118.jpg,2024-12-13,15:51:18
534555d5935196a44582c64b1976a710,face_2024-12-13_155118.jpg,2024-12-13,15:51:18
b3b20e2a3310128e8b1dad7e8ac83c9d,face_2024-12-13_155118.jpg,2024-12-13,15:51:18
515012d03e06fd828a0dbe68854cadb8,face_2024-12-13_155118.jpg,2024-12-13,15:51:18
b95a2c3215794ea3aa687b599c7d8658,face_2024-12-13_155118.jpg,2024-12-13,15:51:18
c1eba06f61844389412d75a7cf33a3e4,face_2024-12-13_155118.jpg,2024-12-13,15:51:18
92197e7d8ff639f554131ac30e9e87d1,face_2024-12-13_155118.jpg,2024-12-13,15:51:18
50d8f441958c72e1cf57c9ec845ab0c3,face_2024-12-13_155119.jpg,2024-12-13,15:51:19
b3488257504ad653150b0e12c30c3632,face_2024-12-13_155119.jpg,2024-12-13,15:51:19
8cde4e3ee2417840412d50919fcfe4b3,face_2024-12-13_155119.jpg,2024-12-13,15:51:19
2686ccf78fea005ac43407f710c692b6,face_2024-12-13_155119.jpg,2024-12-13,15:51:19
7eaf3fbf562bdb5a3cc03097f361d9a3,face_2024-12-13_155119.jpg,2024-12-13,15:51:19
a4811ac8e6ac307759c0f891c4e45ce6,face_2024-12-13_155119.jpg,2024-12-13,15:51:19
e7edfaa95479cbc71ef923aa8e3a1d0a,face_2024-12-13_155119.jpg,2024-12-13,15:51:19
3500dfe21b1a0debb8b931317a915338,face_2024-12-13_155119.jpg,2024-12-13,15:51:19
007e282584388ecb01a4f0d68e74cdb5,face_2024-12-13_155119.jpg,2024-12-13,15:51:19
69f553ac3c684aa44455f553acac162d,face_2024-12-13_155119.jpg,2024-12-13,15:51:19
ada0cca607cdef5c646c0fe4684e6873,face_2024-12-13_155119.jpg,2024-12-13,15:51:19
53eb190bacece82db2f0064e2c432e18,face_2024-12-13_155119.jpg,2024-12-13,15:51:19
8613ae638e81a6dd1d71e54f271735f9,face_2024-12-13_155119.jpg,2024-12-13,15:51:19
18ee31e107c4c0627c32251cefed00e7,face_2024-12-13_155119.jpg,2024-12-13,15:51:19
b58f331a4f2a349068fc66560e0c6349,face_2024-12-13_155119.jpg,2024-12-13,15:51:19
139c108712175c4b26853e21c3fcbf13,face_2024-12-13_155119.jpg,2024-12-13,15:51:19
bb57f0a227cbd2038b052b9915c01733,face_2024-12-13_155119.jpg,2024-12-13,15:51:19
a9bfe77fd1a372ca1dba116e5791c4ef,face_2024-12-13_155119.jpg,2024-12-13,15:51:19
8c45e74f957e2ca1ea7492be82b79099,face_2024-12-13_155119.jpg,2024-12-13,15:51:19
653bc823cb8ab8e732283fc77fd205bd,face_2024-12-13_155119.jpg,2024-12-13,15:51:19
52c6cbbc3d8871f71350c824401669f1,face_2024-12-13_155120.jpg,2024-12-13,15:51:20
b9ac81ccacd84d70747867f84eed4a55,face_2024-12-13_155120.jpg,2024-12-13,15:51:20
358c8455f5aa086c34905c47ab559549,face_2024-12-13_155120.jpg,2024-12-13,15:51:20
6a509b6926bb874934572dc4704006f4,face_2024-12-13_155120.jpg,2024-12-13,15:51:20
ff8e8f9ab34190cdaf402336e503882a,face_2024-12-13_155120.jpg,2024-12-13,15:51:20
20f15eb3da620637cbb15503aeba0b93,face_2024-12-13_155120.jpg,2024-12-13,15:51:20
96454d8a194f7146023b6ccb3ca9dfcb,face_2024-12-13_155120.jpg,2024-12-13,15:51:20
b9b57bcaad95e7396f9f5212cf45b8ec,face_2024-12-13_155120.jpg,2024-12-13,15:51:20
546e1ef94096c85825a659f7f6bf960d,face_2024-12-13_155120.jpg,2024-12-13,15:51:20
17aea938b3ea0b5b222af467172cca15,face_2024-12-13_155120.jpg,2024-12-13,15:51:20
f1a328b266679aa0b5def7c99ee38029,face_2024-12-13_155120.jpg,2024-12-13,15:51:20
a4eb41833968af646c029fe91533d448,face_2024-12-13_155120.jpg,2024-12-13,15:51:20
410eb3914cd2ccb467af34d2d4b9320d,face_2024-12-13_155120.jpg,2024-12-13,15:51:20
5b1068459170634dba3ca08aa30c25c7,face_2024-12-13_155120.jpg,2024-12-13,15:51:20
0d7c24ddb476990ac0acc202037e16a2,face_2024-12-13_155120.jpg,2024-12-13,15:51:20
acfaf567557e7c2c4343a18d68de0ac1,face_2024-12-13_155120.jpg,2024-12-13,15:51:20
32808a0e6005fa4f76ad1a38af60fc33,face_2024-12-13_155120.jpg,2024-12-13,15:51:20
954d0eb6a3fcdec56774cb7ac8540273,face_2024-12-13_155120.jpg,2024-12-13,15:51:20
d068e6be6a7d9c37c6a1f314ea5b8389,face_2024-12-13_155120.jpg,2024-12-13,15:51:20
0d035168be13913b188095972a0884a9,face_2024-12-13_155120.jpg,2024-12-13,15:51:20
99d21893ce1f35a4149f4d65727c9696,face_2024-12-13_155120.jpg,2024-12-13,15:51:20
207450697e9842a35b0c720528103be6,face_2024-12-13_155121.jpg,2024-12-13,15:51:21
6fdbb50c46fed9b3079f2587b4c1266b,face_2024-12-13_155121.jpg,2024-12-13,15:51:21
a9e4a3006c35616437c8aa1cefd0c2a2,face_2024-12-13_155121.jpg,2024-12-13,15:51:21
0f4359f04b21d5366798bb9c0de5f2f9,face_2024-12-13_155121.jpg,2024-12-13,15:51:21
a60e49711a0004e04d387470ad290843,face_2024-12-13_155121.jpg,2024-12-13,15:51:21
48b50bb8d0d529501ef4f1d464d07b67,face_2024-12-13_155121.jpg,2024-12-13,15:51:21
6968c10a6b1f3863a0089550f9168f61,face_2024-12-13_155121.jpg,2024-12-13,15:51:21
44e61b3b0d34985498941cd7652d00b0,face_2024-12-13_155121.jpg,2024-12-13,15:51:21
78e1060bbee02e56fc19280640f9601e,face_2024-12-13_155121.jpg,2024-12-13,15:51:21
63af01a94380ca0d660c81d6337ebfba,face_2024-12-13_155121.jpg,2024-12-13,15:51:21
5419188b6b03336ce7d71199f1ca317a,face_2024-12-13_155121.jpg,2024-12-13,15:51:21
397924b28afea0b2b2c4b032bef7b5fa,face_2024-12-13_155121.jpg,2024-12-13,15:51:21
7310635f41e9d7f5e35f977485247aa9,face_2024-12-13_155121.jpg,2024-12-13,15:51:21
c74a30f49d35fad59526569801b58a14,face_2024-12-13_155121.jpg,2024-12-13,15:51:21
217ef401e22d7cfd9082d3a385ea290d,face_2024-12-13_155122.jpg,2024-12-13,15:51:22
0a708917a4bae02c7e86a12a68dd7cca,face_2024-12-13_155122.jpg,2024-12-13,15:51:22
74e46b96c420cbc1e2a1335c64278529,face_2024-12-13_155122.jpg,2024-12-13,15:51:22
4a1f3c838f9584a3db80d3a553416c9d,face_2024-12-13_155122.jpg,2024-12-13,15:51:22
8713de2824bf6ffcd14e6beca2f1765a,face_2024-12-13_155122.jpg,2024-12-13,15:51:22
9bd1880ec1fdced24e01b3d10c4a2681,face_2024-12-13_155122.jpg,2024-12-13,15:51:22
9811e2abca0a550f82a8f2594870645e,face_2024-12-13_155122.jpg,2024-12-13,15:51:22
f01d81c24eac766ef48a2e2abab1cbc3,face_2024-12-13_155122.jpg,2024-12-13,15:51:22
328510ac093c7a646a8935ce92ee35ae,face_2024-12-13_155122.jpg,2024-12-13,15:51:22
5234b98dc028509d4e54fdc2b609199b,face_2024-12-13_155122.jpg,2024-12-13,15:51:22
999a575712cfbbcdeb400b30a646ed47,face_2024-12-13_155122.jpg,2024-12-13,15:51:22
1882644e53edcb557e2811bb08c7496d,face_2024-12-13_155122.jpg,2024-12-13,15:51:22
bece9a10da2418da01d358178eca1724,face_2024-12-13_155122.jpg,2024-12-13,15:51:22
397a216ddd7d538a5c66a9cd33c25942,face_2024-12-13_155122.jpg,2024-12-13,15:51:22
f09cad88b98a602f9fba90701f508245,face_2024-12-13_155122.jpg,2024-12-13,15:51:22
a5d17f294d6b80c53f1a4e2f77f7deac,face_2024-12-13_155122.jpg,2024-12-13,15:51:22
7f2e724a6476772dec187800d7a1a54a,face_2024-12-13_155123.jpg,2024-12-13,15:51:23
77216a16104b7063975dcee91c6cd892,face_2024-12-13_155123.jpg,2024-12-13,15:51:23
9b49b1043f42483892d97967a0b26379,face_2024-12-13_155123.jpg,2024-12-13,15:51:23
fcdfdb4e91fb3c97fa311c5c54876304,face_2024-12-13_155123.jpg,2024-12-13,15:51:23
95faced75eebd9a54ec73573a76159b0,face_2024-12-13_155123.jpg,2024-12-13,15:51:23
3a1d31f3369ce74cfdbbc4a607df2c81,face_2024-12-13_155123.jpg,2024-12-13,15:51:23
de61f977765dcf654ad28086d4f93524,face_2024-12-13_155123.jpg,2024-12-13,15:51:23
40ae5866d8a4e13b7677537e7ed23c5d,face_2024-12-13_155123.jpg,2024-12-13,15:51:23
635d6fb413fdc80255a257bb68279ff8,face_2024-12-13_155123.jpg,2024-12-13,15:51:23
37503efb7e36a7b1d39069166aab2eb4,face_2024-12-13_155123.jpg,2024-12-13,15:51:23
a258fac7ec208876dfa220dde1f96a12,face_2024-12-13_155123.jpg,2024-12-13,15:51:23
8e4149cb96b92d333044189ea23137fe,face_2024-12-13_155123.jpg,2024-12-13,15:51:23
372ff42783ca710ef097f6a54abe3e26,face_2024-12-13_155123.jpg,2024-12-13,15:51:23
6f1ba746ac836f1e18c10ff35d0ac38c,face_2024-12-13_155123.jpg,2024-12-13,15:51:23
10f5096671a5afec9330c7ed7e112230,face_2024-12-13_155123.jpg,2024-12-13,15:51:23
31f736f12036c85c41f244afdb58a86c,face_2024-12-13_155123.jpg,2024-12-13,15:51:23
18cbf88572a27dc3a4a1520a8d3c7ff6,face_2024-12-13_155123.jpg,2024-12-13,15:51:23
26c347ea87c511d41d8bfd9a9e0e850d,face_2024-12-13_155123.jpg,2024-12-13,15:51:23
b8f248077769e4b0cebcd203f96dd7af,face_2024-12-13_155123.jpg,2024-12-13,15:51:23
2164a68a1fd5b175a92f446696135382,face_2024-12-13_155123.jpg,2024-12-13,15:51:23
96cd5b35e3ff087dd5336362bd00e4df,face_2024-12-13_155123.jpg,2024-12-13,15:51:23
16c3fbc966114ac2b0ade707bea83b19,face_2024-12-13_155123.jpg,2024-12-13,15:51:23
d99507bbaa62702ff01ce700e7799726,face_2024-12-13_155123.jpg,2024-12-13,15:51:23
8c2f5edd296d7dde14dc5e09813baea0,face_2024-12-13_155123.jpg,2024-12-13,15:51:23
1c69655114ec49e386450d9a959b550f,face_2024-12-13_155123.jpg,2024-12-13,15:51:23
f5820645fca8e65ad78304cdd9d1c649,face_2024-12-13_155123.jpg,2024-12-13,15:51:23
8017085cac801e701d20c3360cb997c8,face_2024-12-13_155124.jpg,2024-12-13,15:51:24
c547e90c29a88d612dc55530eaafac5b,face_2024-12-13_155124.jpg,2024-12-13,15:51:24
4ce3ef84ba3cad24b66623321226f612,face_2024-12-13_155124.jpg,2024-12-13,15:51:24
abfc9c7b1376c049a6fd4c55e5fa5345,face_2024-12-13_155124.jpg,2024-12-13,15:51:24
75ece556036b187a2ae58bc715c2b7b1,face_2024-12-13_155124.jpg,2024-12-13,15:51:24
980c2663547788223c693b2a89967068,face_2024-12-13_155124.jpg,2024-12-13,15:51:24
adeb12797a901846d31a6676699fa43f,face_2024-12-13_155124.jpg,2024-12-13,15:51:24
dade7e702d4a66c70ad5e59adbab84b0,face_2024-12-13_155124.jpg,2024-12-13,15:51:24
e4a7149206e5a2c907611978ba15a4a5,face_2024-12-13_155124.jpg,2024-12-13,15:51:24
2b1984dc8bc218a36e3d0e0e5af014dd,face_2024-12-13_155124.jpg,2024-12-13,15:51:24
39401d40a3121a125a8d25ca1b9e4007,face_2024-12-13_155124.jpg,2024-12-13,15:51:24
875e9d0eb6238e4dc7cfdffd2394ab8c,face_2024-12-13_155124.jpg,2024-12-13,15:51:24
b6c980195906b9742ae331e106f02879,face_2024-12-13_155124.jpg,2024-12-13,15:51:24
6af5b6a69e6068119c9505d40045fc4c,face_2024-12-13_155124.jpg,2024-12-13,15:51:24
30631cdaab6a4196c928727e1075dc90,face_2024-12-13_155124.jpg,2024-12-13,15:51:24
7bd33b0c2f2845f395d53b116c74ffa3,face_2024-12-13_155124.jpg,2024-12-13,15:51:24
5a4a42d89697d712c63e9d627c4c6e57,face_2024-12-13_155124.jpg,2024-12-13,15:51:24
cb939ec402d93482936de517371d4a1d,face_2024-12-13_155124.jpg,2024-12-13,15:51:24
dd741891d84ee0c3b58f5aa4e09725ce,face_2024-12-13_155124.jpg,2024-12-13,15:51:24
93d07487baab14cf93408f72a75465fb,face_2024-12-13_155124.jpg,2024-12-13,15:51:24
9e90350062973537e7c71da8371900fb,face_2024-12-13_155124.jpg,2024-12-13,15:51:24
4cd644b5d3de0f87568dff42a779025c,face_2024-12-13_155124.jpg,2024-12-13,15:51:24
fba60e3cbe64248b255b7d1bd593f228,face_2024-12-13_155124.jpg,2024-12-13,15:51:24
ac21aa72bfab522ea0cdfbea79ca04c5,face_2024-12-13_155124.jpg,2024-12-13,15:51:24
e9dc41caa160d124affb5e425ab654c7,face_2024-12-13_155124.jpg,2024-12-13,15:51:24
71fc851b8237836e83c4f69cebf58cfe,face_2024-12-13_155125.jpg,2024-12-13,15:51:25
d2dea93cf2a663d47308a0da8902c8db,face_2024-12-13_155125.jpg,2024-12-13,15:51:25
fb694653fb14d5ceb46391bcb9995901,face_2024-12-13_155125.jpg,2024-12-13,15:51:25
6130be5360361a2279e2821c69d7f295,face_2024-12-13_155125.jpg,2024-12-13,15:51:25
a2f4af4dce867a8466de9d0d85c11066,face_2024-12-13_155125.jpg,2024-12-13,15:51:25
9b20398e2b4b5e4cce62144c57c2be8f,face_2024-12-13_155125.jpg,2024-12-13,15:51:25
5c3630e0e2e5cf6222d61436c081f2a9,face_2024-12-13_155125.jpg,2024-12-13,15:51:25
9249c29f5dc72552c2c9250a03e2cdfb,face_2024-12-13_155125.jpg,2024-12-13,15:51:25
46c61a8566dd41329ac0a91b1c33f332,face_2024-12-13_155125.jpg,2024-12-13,15:51:25
7ea7dd36b1cc0ac97bcf17d06a32d81d,face_2024-12-13_155125.jpg,2024-12-13,15:51:25
169ccec92441460da52053f798d50e96,face_2024-12-13_155125.jpg,2024-12-13,15:51:25
e18b6c316052d8b35b7ca8f216151be2,face_2024-12-13_155125.jpg,2024-12-13,15:51:25
f59d36ffcf9e63657954b8af6f62a14f,face_2024-12-13_155125.jpg,2024-12-13,15:51:25
26b43541ca417915a935a1de195020bd,face_2024-12-13_155125.jpg,2024-12-13,15:51:25
06657146e94c1e7e082e794455c52a01,face_2024-12-13_155125.jpg,2024-12-13,15:51:25
656813c88531ce3626c3db9f6de080c2,face_2024-12-13_155125.jpg,2024-12-13,15:51:25
85d9c8b267df445855307df53a85c7c1,face_2024-12-13_155125.jpg,2024-12-13,15:51:25
64124e2f53351fc86937465d802d529c,face_2024-12-13_155125.jpg,2024-12-13,15:51:25
934b5d87d4db73f437fcfdba983205b0,face_2024-12-13_155125.jpg,2024-12-13,15:51:25
c4fc3711e396edcbd16288495cddf4ac,face_2024-12-13_155125.jpg,2024-12-13,15:51:25
0f920a09ecdeb9d69528cc6c6b380660,face_2024-12-13_155125.jpg,2024-12-13,15:51:25
fd58b1de1f19ffccfda259df48457675,face_2024-12-13_155125.jpg,2024-12-13,15:51:25
9a09307daffcd14bcd383683e1f6f116,face_2024-12-13_155125.jpg,2024-12-13,15:51:25
3c71dfdc8a74a8c59cf201e3fa05b2e5,face_2024-12-13_155126.jpg,2024-12-13,15:51:26
81262f2942bdbe8aec95ed26db2663eb,face_2024-12-13_155126.jpg,2024-12-13,15:51:26
ceff541602e3a016bf703fa50591712e,face_2024-12-13_155126.jpg,2024-12-13,15:51:26
26de7e6d6f00255344e1087774598e18,face_2024-12-13_155126.jpg,2024-12-13,15:51:26
8038ef1ce354758147de450b8a2211d7,face_2024-12-13_155126.jpg,2024-12-13,15:51:26
8c001c0b02044d1486023c4a3415b6b3,face_2024-12-13_155126.jpg,2024-12-13,15:51:26
0e687813c87facb2af331166790ea395,face_2024-12-13_155126.jpg,2024-12-13,15:51:26
6b3af41746a6a4f659bf194e21e02dc5,face_2024-12-13_155126.jpg,2024-12-13,15:51:26
2f5453b3603e877bb7ff5a38b028fb74,face_2024-12-13_155126.jpg,2024-12-13,15:51:26
87400059e24c9ce7374744e22aab1491,face_2024-12-13_155126.jpg,2024-12-13,15:51:26
8c8eee18d18a93b7d3778ec07e591180,face_2024-12-13_155126.jpg,2024-12-13,15:51:26
ede165ef51212fd838c112d09c5c2c08,face_2024-12-13_155126.jpg,2024-12-13,15:51:26
ddd544b93d07d9a33a86505c3679c07c,face_2024-12-13_155126.jpg,2024-12-13,15:51:26
f7d4b1f2d034254bd656afb9661617b1,face_2024-12-13_155126.jpg,2024-12-13,15:51:26
f8938c065f99b5b17cf1bf109412f388,face_2024-12-13_155126.jpg,2024-12-13,15:51:26
d6061f8d558e3ed8828c8dbfd134f424,face_2024-12-13_155126.jpg,2024-12-13,15:51:26
35b99bdf866a75fb9f14e8c96446f493,face_2024-12-13_155126.jpg,2024-12-13,15:51:26
11db0ffa0a8daa8d8acf4cf5296cc8a2,face_2024-12-13_155126.jpg,2024-12-13,15:51:26
010786cade08844a17d082e76dad2035,face_2024-12-13_155126.jpg,2024-12-13,15:51:26
d5eeadd414ab639ab3e0db4b3ecc1c9d,face_2024-12-13_155126.jpg,2024-12-13,15:51:26
7f2c8419e4f8448e3e906350deb9d4cf,face_2024-12-13_155126.jpg,2024-12-13,15:51:26
086fbd8198e2f4bde62a7d6bdb418477,face_2024-12-13_155126.jpg,2024-12-13,15:51:26
20bf6458485ea4a80e56cfbe907f64d3,face_2024-12-13_155127.jpg,2024-12-13,15:51:27
073b4196fcbdf7427261a3957a24d3c4,face_2024-12-13_155127.jpg,2024-12-13,15:51:27
e52bac1fab539bc63c5ff962c2d56d72,face_2024-12-13_155127.jpg,2024-12-13,15:51:27
35870b79a440011123424970e34060f4,face_2024-12-13_155127.jpg,2024-12-13,15:51:27
f1c41cd483cc40d06c3dbcc99ab3940d,face_2024-12-13_155127.jpg,2024-12-13,15:51:27
5c4543ce4e9794eb99c4f5adb286729c,face_2024-12-13_155127.jpg,2024-12-13,15:51:27
06cfb8ed8ff0615e616c50fe41fe5b3a,face_2024-12-13_155127.jpg,2024-12-13,15:51:27
1d2997775be84787778193541268c1d8,face_2024-12-13_155127.jpg,2024-12-13,15:51:27
a4629a0452cccf8b78722288c7afde72,face_2024-12-13_155127.jpg,2024-12-13,15:51:27
593cce40a0de04483beb71ad39e611ba,face_2024-12-13_155127.jpg,2024-12-13,15:51:27
dcd8863f020332ad62963e9e98d72ac3,face_2024-12-13_155127.jpg,2024-12-13,15:51:27
44bcf4d2840d671de4d9cad2d8e54235,face_2024-12-13_155127.jpg,2024-12-13,15:51:27
b20a81f5350b4afc326864a03c177624,face_2024-12-13_155127.jpg,2024-12-13,15:51:27
f5d2c9765d1941b9f2280dc0bac37056,face_2024-12-13_155127.jpg,2024-12-13,15:51:27
aa219be79c0dcd24f860422ed8f447d7,face_2024-12-13_155127.jpg,2024-12-13,15:51:27
92fb07a3a436847094de14501b7bf1af,face_2024-12-13_155127.jpg,2024-12-13,15:51:27
8c839a3cfc5cc6a56613f5d93e672894,face_2024-12-13_155127.jpg,2024-12-13,15:51:27
3e66bf7ee9c5b47c39317d83cd5e9cae,face_2024-12-13_155127.jpg,2024-12-13,15:51:27
3e66af65918faf59c693b015b59d8843,face_2024-12-13_155127.jpg,2024-12-13,15:51:27
7a54056160e3d086414bbdd72d556f12,face_2024-12-13_155127.jpg,2024-12-13,15:51:27
957643af29782d86ee14304d94ce0ffa,face_2024-12-13_155127.jpg,2024-12-13,15:51:27
b80f83f5e9a0e0c8418b3b3b281f7f97,face_2024-12-13_155127.jpg,2024-12-13,15:51:27
5ca6b3a1a55d2a63c462a74b6d0c0e01,face_2024-12-13_155128.jpg,2024-12-13,15:51:28
5109634b13a4e9c22b01be511bb35ab3,face_2024-12-13_155128.jpg,2024-12-13,15:51:28
d3b5a9a033aaf85f9edf85e6e2de2463,face_2024-12-13_155128.jpg,2024-12-13,15:51:28
c29638a211048ea923d1313bcaf423a9,face_2024-12-13_155128.jpg,2024-12-13,15:51:28
5ea5189adc418ea0b05bd29d836b3d08,face_2024-12-13_155128.jpg,2024-12-13,15:51:28
7b145c6ea75d799f7d37c1f53d909487,face_2024-12-13_155128.jpg,2024-12-13,15:51:28
91c6483985a1c0db2da9269832ecd9a7,face_2024-12-13_155128.jpg,2024-12-13,15:51:28
8cf09f87b326524f6d607142a1a50dce,face_2024-12-13_155128.jpg,2024-12-13,15:51:28
8b4115f0d18ec6cd4447b83fd9999430,face_2024-12-13_155128.jpg,2024-12-13,15:51:28
e94fc88015126426b0963712469c1c5a,face_2024-12-13_155128.jpg,2024-12-13,15:51:28
d6232fb04bbd820baf281b10377b6f04,face_2024-12-13_155128.jpg,2024-12-13,15:51:28
075e45d7f7a75b0ad7a9e8394fe7a9ac,face_2024-12-13_155128.jpg,2024-12-13,15:51:28
e8c390f36e42c3696829c3b93996e00d,face_2024-12-13_155128.jpg,2024-12-13,15:51:28
d6308b9820d4ea77fc3fbd0e1cafe54e,face_2024-12-13_155128.jpg,2024-12-13,15:51:28
62a5cedd6d1992f3cb67afb2b22e03db,face_2024-12-13_155128.jpg,2024-12-13,15:51:28
e8c821afbdd9e9e6eccd19709adc4df2,face_2024-12-13_155128.jpg,2024-12-13,15:51:28
bb8de8ff9adb670b9341c9c61638b586,face_2024-12-13_155128.jpg,2024-12-13,15:51:28
54c461ccc93765f31a116523969012ec,face_2024-12-13_155128.jpg,2024-12-13,15:51:28
661e189ee14e5c27e36738b244ad4554,face_2024-12-13_155128.jpg,2024-12-13,15:51:28
9aaa2b476056abdb3dc35cb361ac691e,face_2024-12-13_155128.jpg,2024-12-13,15:51:28
3e1210ffb1d0da534c076c3d728d9af6,face_2024-12-13_155128.jpg,2024-12-13,15:51:28
d28587748b7502463f3ac7d8612e9210,face_2024-12-13_155128.jpg,2024-12-13,15:51:28
184514c08c41b93391c81b2d0ab5a3f3,face_2024-12-13_155129.jpg,2024-12-13,15:51:29
1d03aa7de838de1ca7a8ed0908428c1d,face_2024-12-13_155129.jpg,2024-12-13,15:51:29
c5f2c6ba41a9ff133a8ce578380e5eec,face_2024-12-13_155129.jpg,2024-12-13,15:51:29
608dc0f61f1f11919b9cd03a3bc82197,face_2024-12-13_155129.jpg,2024-12-13,15:51:29
5c79dee470b0467cd5aaae5a19d2a7e2,face_2024-12-13_155129.jpg,2024-12-13,15:51:29
06a66e91db90711289af202f3d878335,face_2024-12-13_155129.jpg,2024-12-13,15:51:29
1191d637d0b55e259a4bec6c5fbd8189,face_2024-12-13_155129.jpg,2024-12-13,15:51:29
3b814f7a3192cc2beb719793519ecd0d,face_2024-12-13_155129.jpg,2024-12-13,15:51:29
c36956fe89c5715d1ece89602b0c2d9a,face_2024-12-13_155129.jpg,2024-12-13,15:51:29
f260de2ee962b6b3787777943f39df6a,face_2024-12-13_155129.jpg,2024-12-13,15:51:29
7c34570511019b4185401b6c45564149,face_2024-12-13_155129.jpg,2024-12-13,15:51:29
01d3e2e88bac65c1b7d714c40480e849,face_2024-12-13_155129.jpg,2024-12-13,15:51:29
419295bee068bdcddecb368cade4bcaa,face_2024-12-13_155129.jpg,2024-12-13,15:51:29
da17d4afd71f85fe906ab2e773725686,face_2024-12-13_155129.jpg,2024-12-13,15:51:29
4fadffa75c40cd29211654b819cbe996,face_2024-12-13_155129.jpg,2024-12-13,15:51:29
c5415e80cd104e8019e15037ae39ed7c,face_2024-12-13_155129.jpg,2024-12-13,15:51:29
eaf3b92f5e13d3e58c9cbf9b753419ba,face_2024-12-13_155129.jpg,2024-12-13,15:51:29
005e66daafbea6c97c3dde8b36e7417a,face_2024-12-13_155129.jpg,2024-12-13,15:51:29
1843ea6386adf6fe2657edac797dd675,face_2024-12-13_155129.jpg,2024-12-13,15:51:29
9739eaf4bedac549b59c69c42f3e0109,face_2024-12-13_155129.jpg,2024-12-13,15:51:29
81bf0b89e0e991b6e0fd5b40c6852ffe,face_2024-12-13_155129.jpg,2024-12-13,15:51:29
3f459bbf27be60708d3e1968540a6bc4,face_2024-12-13_155129.jpg,2024-12-13,15:51:29
f274813068ddc276152b8814d996e58e,face_2024-12-13_155130.jpg,2024-12-13,15:51:30
fede3aa5f1e9600f03c3d1f51b023060,face_2024-12-13_155130.jpg,2024-12-13,15:51:30
490f9b0e28306ac2b8028bf43d4a1432,face_2024-12-13_155130.jpg,2024-12-13,15:51:30
3847a2a108d81f0c705cad709601e873,face_2024-12-13_155130.jpg,2024-12-13,15:51:30
c03b167a1c206756811c02c85c30c7a3,face_2024-12-13_155130.jpg,2024-12-13,15:51:30
cdf4fd129c754f2d4e4415762db0f438,face_2024-12-13_155130.jpg,2024-12-13,15:51:30
5e956fb5eedaf3a0e14ba34916451e6f,face_2024-12-13_155130.jpg,2024-12-13,15:51:30
2b7444d04f2c44c1c88b5a0baa8d1746,face_2024-12-13_155130.jpg,2024-12-13,15:51:30
1517c59484ba0deec45da2cade94686e,face_2024-12-13_155130.jpg,2024-12-13,15:51:30
834ec29a00e03e5b30115b98699f7230,face_2024-12-13_155130.jpg,2024-12-13,15:51:30
d9e0574ca91996136db72b19f07d1401,face_2024-12-13_155130.jpg,2024-12-13,15:51:30
a677338f8c07e8b2dc87b8e2439439c0,face_2024-12-13_155130.jpg,2024-12-13,15:51:30
2eb9d6d692eef9a622b9956827ddd7cc,face_2024-12-13_155130.jpg,2024-12-13,15:51:30
97f8e1a63c9ad42049bc45e1da1266ed,face_2024-12-13_155130.jpg,2024-12-13,15:51:30
7cae8a6641b40e9862a37065a62a3384,face_2024-12-13_155130.jpg,2024-12-13,15:51:30
64861b01579e7918ee259eab9a741910,face_2024-12-13_155130.jpg,2024-12-13,15:51:30
0eb6a9998eefc6857fc0bacaebc6301a,face_2024-12-13_155130.jpg,2024-12-13,15:51:30
15e9285f0cd2513001087801f5def172,face_2024-12-13_155130.jpg,2024-12-13,15:51:30
b5a173dcd2a6b91343b7891b59bb0b9e,face_2024-12-13_155130.jpg,2024-12-13,15:51:30
de0826c0eff19b3c0ce9b3076d3fffe8,face_2024-12-13_155130.jpg,2024-12-13,15:51:30
36b74b5b664b55955bae457a7954136e,face_2024-12-13_155130.jpg,2024-12-13,15:51:30
a69c9688e19d99b89300922526c383df,face_2024-12-13_155131.jpg,2024-12-13,15:51:31
2b951f2b168eef3a60b6d6d442009483,face_2024-12-13_155131.jpg,2024-12-13,15:51:31
f112490b78824b6f3b5f385b7036e323,face_2024-12-13_155131.jpg,2024-12-13,15:51:31
c232e69fa813275aaa169385aa3fd13c,face_2024-12-13_155131.jpg,2024-12-13,15:51:31
0ea5a0e50d13dbe64e3666a092ff0df7,face_2024-12-13_155131.jpg,2024-12-13,15:51:31
0b4f7ca4494b10fa2edebb30e9ebf7f0,face_2024-12-13_155131.jpg,2024-12-13,15:51:31
5af4d3982a3f44fd28162887ed7e77c3,face_2024-12-13_155131.jpg,2024-12-13,15:51:31
1badb347f47eacf2c34bf3bd774c0f15,face_2024-12-13_155131.jpg,2024-12-13,15:51:31
b4daadcfa1b7246989f50ce10fd5beba,face_2024-12-13_155131.jpg,2024-12-13,15:51:31
3fea334e49e990d37eb64125fb2e0077,face_2024-12-13_155131.jpg,2024-12-13,15:51:31
24d782b366f88e49a52880b1f0f2e7e6,face_2024-12-13_155131.jpg,2024-12-13,15:51:31
d859ae64eb5142027a7ab710a03f9cb2,face_2024-12-13_155131.jpg,2024-12-13,15:51:31
442a5c941f3143001d6f5e800a76e8c0,face_2024-12-13_155131.jpg,2024-12-13,15:51:31
c52d5765a0e292936ef6429cd8444525,face_2024-12-13_155131.jpg,2024-12-13,15:51:31
03c0789d008d9a0bf7c184563332929f,face_2024-12-13_155131.jpg,2024-12-13,15:51:31
3228280a09f42300b6fdeee3f576c406,face_2024-12-13_155131.jpg,2024-12-13,15:51:31
1d2ecad06ed91208a56e4e3656371750,face_2024-12-13_155131.jpg,2024-12-13,15:51:31
b1f238a380bed86eb4ebd4320b629015,face_2024-12-13_155131.jpg,2024-12-13,15:51:31
505d6f192904d89c1ec2ccfe10351be3,face_2024-12-13_155131.jpg,2024-12-13,15:51:31
ebfc0b2a102a96a53311588ce63157f1,face_2024-12-13_155132.jpg,2024-12-13,15:51:32
82e9760dd00417a7ec38a0327eb4c614,face_2024-12-13_155132.jpg,2024-12-13,15:51:32
33ffc9cedc85394f0399d15a7df11940,face_2024-12-13_155132.jpg,2024-12-13,15:51:32
d9e2b4d72ddc069d5b5bf1f60e60f0bd,face_2024-12-13_155132.jpg,2024-12-13,15:51:32
0b083d475aaf4abcd8ff6c31a5c145a0,face_2024-12-13_155132.jpg,2024-12-13,15:51:32
5faa426eede995b876a78cc82696e78c,face_2024-12-13_155132.jpg,2024-12-13,15:51:32
a900ee1c5c4ed1b010087800056f6bcd,face_2024-12-13_155132.jpg,2024-12-13,15:51:32
2b1c52d1a4962a15be2065e018d52fb4,face_2024-12-13_155132.jpg,2024-12-13,15:51:32
4f260d5999893fb860df278ad677c0d0,face_2024-12-13_155132.jpg,2024-12-13,15:51:32
a7cf0fbbe26dbdc3919b116c307b137e,face_2024-12-13_155132.jpg,2024-12-13,15:51:32
8f0d4a12e4e63ad4000785d740d23d51,face_2024-12-13_155132.jpg,2024-12-13,15:51:32
bf2dae2f1eee1487378bfc23db187bfc,face_2024-12-13_155132.jpg,2024-12-13,15:51:32
7b8087e35c4772d0af6111ebf273ac5b,face_2024-12-13_155133.jpg,2024-12-13,15:51:33
a06d1d5121c87f76dbeb2d20b8214889,face_2024-12-13_155133.jpg,2024-12-13,15:51:33
ff5d7e949c36015d44557325e3aa7860,face_2024-12-13_155133.jpg,2024-12-13,15:51:33
c4edc533fe1c8e8e8de96eb64251dc5f,face_2024-12-13_155133.jpg,2024-12-13,15:51:33
344d070960577644fc1081bdc31c7ee3,face_2024-12-13_155133.jpg,2024-12-13,15:51:33
b748ebd9b5e9f87153d8f845011fc1b7,face_2024-12-13_155133.jpg,2024-12-13,15:51:33
c5736e32001a609b940be65ca69db170,face_2024-12-13_155133.jpg,2024-12-13,15:51:33
1b82a92cfcbfc73941a16a43c48ac449,face_2024-12-13_155133.jpg,2024-12-13,15:51:33
3cd02cff593aa1884252933974a30179,face_2024-12-13_155133.jpg,2024-12-13,15:51:33
654e9a1ecf4cd9896dbbb3eefa0a468c,face_2024-12-13_155133.jpg,2024-12-13,15:51:33
3aec0f64bf8d0bf137c2c5188134cca7,face_2024-12-13_155133.jpg,2024-12-13,15:51:33
3c38fd7ca3cc33f1725e55fb54b2548f,face_2024-12-13_155133.jpg,2024-12-13,15:51:33
a6dcc03a2882f3ad0abcfceee3e1f864,face_2024-12-13_155133.jpg,2024-12-13,15:51:33
ca0f155ac032e96769cd46941096bc69,face_2024-12-13_155133.jpg,2024-12-13,15:51:33
0ef3350afd5cdb8ec00ebeea6db41627,face_2024-12-13_155133.jpg,2024-12-13,15:51:33
0ab6e75501b8ab26bfcf56e2365e835e,face_2024-12-13_155134.jpg,2024-12-13,15:51:34
b05d20afb5558e00f80dec1eb14d1d47,face_2024-12-13_155134.jpg,2024-12-13,15:51:34
e3c7ff29026ac0984adbf600973f4acf,face_2024-12-13_155134.jpg,2024-12-13,15:51:34
320995d66495e8a2a4fe57d2bdbadb49,face_2024-12-13_155134.jpg,2024-12-13,15:51:34
ea81f49159202fea2096b160bea363da,face_2024-12-13_155134.jpg,2024-12-13,15:51:34
8143afe1e1b7fd0f847215b69bf241c1,face_2024-12-13_155134.jpg,2024-12-13,15:51:34
677f61377784b79741b8698e56faad3d,face_2024-12-13_155134.jpg,2024-12-13,15:51:34
196dde71b211a5659776fc264326af8c,face_2024-12-13_155134.jpg,2024-12-13,15:51:34
a7d2b47b61cecdb9cf535c5817369317,face_2024-12-13_155134.jpg,2024-12-13,15:51:34
d7de1dd20574d3f75861ce0f5cf0bcb8,face_2024-12-13_155134.jpg,2024-12-13,15:51:34
25b3ca0b7eab6098011df26519fe18c4,face_2024-12-13_155134.jpg,2024-12-13,15:51:34
0e67718a02558db99828e4d12f768eec,face_2024-12-13_155134.jpg,2024-12-13,15:51:34
5067ab067c98b5255355420c4dfbdcde,face_2024-12-13_155134.jpg,2024-12-13,15:51:34
071162e81b0880df530b552ccc010813,face_2024-12-13_155134.jpg,2024-12-13,15:51:34
94dc42f1bcd5f1033cf8f7f13900483e,face_2024-12-13_155134.jpg,2024-12-13,15:51:34
3d9d5d534fd5c41ae007f20948d47dd1,face_2024-12-13_155134.jpg,2024-12-13,15:51:34
33b0c2b08c1c87abd2ac6bb5b2ddefd9,face_2024-12-13_155134.jpg,2024-12-13,15:51:34
3e151ed7982a6d2f9908830eca590294,face_2024-12-13_155134.jpg,2024-12-13,15:51:34
399d84ef51fa181b862299116aeb915f,face_2024-12-13_155134.jpg,2024-12-13,15:51:34
68316063156d95ca5134fbf64a87a6cf,face_2024-12-13_155134.jpg,2024-12-13,15:51:34
072020335d649374132b367588a186cb,face_2024-12-13_155134.jpg,2024-12-13,15:51:34
d1e36cddb8441e29d3b7c2aa18cea6a3,face_2024-12-13_155134.jpg,2024-12-13,15:51:34
4e51178f5a6972191bdf70d25b19391b,face_2024-12-13_155134.jpg,2024-12-13,15:51:34
3aefffbf3d1d9d97430e0b64c33d8363,face_2024-12-13_155134.jpg,2024-12-13,15:51:34
2465c6041706a23dfcf0d37dc0c1f5c0,face_2024-12-13_155135.jpg,2024-12-13,15:51:35
970a41e1ddba4868f545753b3e8c1c67,face_2024-12-13_155135.jpg,2024-12-13,15:51:35
c5db571df7929446e8fa5827ca36e5b0,face_2024-12-13_155135.jpg,2024-12-13,15:51:35
a09fbe29bd08eb2ee05f04cd7a9241b1,face_2024-12-13_155135.jpg,2024-12-13,15:51:35
21be0a02389be0f1fe76f950d2a4618d,face_2024-12-13_155135.jpg,2024-12-13,15:51:35
812b285658e833b9f2e4c53e4a655362,face_2024-12-13_155135.jpg,2024-12-13,15:51:35
fb4d3e2bb9ddf63feab135c5e30aae6c,face_2024-12-13_155135.jpg,2024-12-13,15:51:35
df60e205b48d6c70f5e61902ebd84718,face_2024-12-13_155135.jpg,2024-12-13,15:51:35
baa568905eae3d62f2fe12e693b3901a,face_2024-12-13_155135.jpg,2024-12-13,15:51:35
6fc81a65540c28e03b9dc81399fdda5e,face_2024-12-13_155135.jpg,2024-12-13,15:51:35
76b9b48e2f35a09214e2aaaaa6fe76a0,face_2024-12-13_155135.jpg,2024-12-13,15:51:35
5b30a27075f282d76d25d4d05c3d4d9f,face_2024-12-13_155135.jpg,2024-12-13,15:51:35
9febb09b7690328ce94ab59d0650c2ab,face_2024-12-13_155135.jpg,2024-12-13,15:51:35
882258136296b72166210baa4529cfa1,face_2024-12-13_155135.jpg,2024-12-13,15:51:35
63e04a5c09032fd5fceaa9d6cb3a92c7,face_2024-12-13_155135.jpg,2024-12-13,15:51:35
9afa7eff6d53a83ce4c6342120627795,face_2024-12-13_155135.jpg,2024-12-13,15:51:35
f327bf420454d8f80fc2bc28da9d788e,face_2024-12-13_155135.jpg,2024-12-13,15:51:35
0ab6dc0d27d138c5d447c426099b3a6d,face_2024-12-13_155135.jpg,2024-12-13,15:51:35
11787ea518f1693968e434792ef8cdb1,face_2024-12-13_155135.jpg,2024-12-13,15:51:35
349f29ba9c34d6ff4d05051cd69228c5,face_2024-12-13_155135.jpg,2024-12-13,15:51:35
567d30bee9163797aa8a8cf89e988e4f,face_2024-12-13_155135.jpg,2024-12-13,15:51:35
11682c289a6f217abc2fab6c837c040c,face_2024-12-13_155135.jpg,2024-12-13,15:51:35
cc1cdb48ac32b9befc0c0f8a1dea8733,face_2024-12-13_155135.jpg,2024-12-13,15:51:35
f39b09b0fa1fda285db63f513912c3eb,face_2024-12-13_155135.jpg,2024-12-13,15:51:35
6886c2455f8716ef35c01b7212136351,face_2024-12-13_155136.jpg,2024-12-13,15:51:36
f271d6229b15a79f92725f669dea2756,face_2024-12-13_155136.jpg,2024-12-13,15:51:36
ec1c0c3a464d9b80a57e91449d13dd3e,face_2024-12-13_155136.jpg,2024-12-13,15:51:36
adf01ea9b26e31c2d0eb8cfc4d80ded2,face_2024-12-13_155136.jpg,2024-12-13,15:51:36
777e0a8e5cd0245f9b5d1806c64f83c9,face_2024-12-13_155136.jpg,2024-12-13,15:51:36
2a928bbbfc867fe8e72ac121e5061f04,face_2024-12-13_155136.jpg,2024-12-13,15:51:36
ffa1e262721edc7a75c928ad567a1ed4,face_2024-12-13_155136.jpg,2024-12-13,15:51:36
c8b12674c09123e158301ba65e756ddd,face_2024-12-13_155136.jpg,2024-12-13,15:51:36
bbb6e10aea0918f8cd5e30b3927a0f1d,face_2024-12-13_155136.jpg,2024-12-13,15:51:36
1f517cb5fc2b5a91edec67d8e6dfda71,face_2024-12-13_155136.jpg,2024-12-13,15:51:36
526d3f26fc814adf2b0e55cd03354136,face_2024-12-13_155136.jpg,2024-12-13,15:51:36
242db13c3e756bef32bdbdfb85919ac4,face_2024-12-13_155136.jpg,2024-12-13,15:51:36
2965536fb7289a5e795cf770d2f7d1c9,face_2024-12-13_155136.jpg,2024-12-13,15:51:36
8b537c2e2670cab0eb35336ad3a69068,face_2024-12-13_155136.jpg,2024-12-13,15:51:36
d40a599a4ce3a0f1845b3af13254e554,face_2024-12-13_155136.jpg,2024-12-13,15:51:36
b36a80b9a1034302cc7cf3d8fdb270a2,face_2024-12-13_155136.jpg,2024-12-13,15:51:36
328aca8b548b86becd10781bc4e9c69c,face_2024-12-13_155136.jpg,2024-12-13,15:51:36
7e7e548ff384f3763bef2d1697ffe911,face_2024-12-13_155136.jpg,2024-12-13,15:51:36
e460c137064f4be62c538fe42dc0c268,face_2024-12-13_155136.jpg,2024-12-13,15:51:36
336b7c5fa89ac67d2d50117e59830609,face_2024-12-13_155136.jpg,2024-12-13,15:51:36
586620d1b4f9f3e2c13efe7ef99f6f2e,face_2024-12-16_103947.jpg,2024-12-16,10:39:47
1bcb1eaf028e2b1e53603f75716994e8,face_2024-12-16_103947.jpg,2024-12-16,10:39:47
ebbda375183c0c34ece8b52f1ff00ea2,face_2024-12-16_103947.jpg,2024-12-16,10:39:47
3debfe72228741ba4a3f8e5ee38e2c59,face_2024-12-16_103947.jpg,2024-12-16,10:39:47
97840d61c50b9671caf3ffd9232844c0,face_2024-12-16_103947.jpg,2024-12-16,10:39:47
a6259997b6c1a33629b7187d1fcf0313,face_2024-12-16_103947.jpg,2024-12-16,10:39:47
2dab42601cc7eab6e2d06a0753bcab87,face_2024-12-16_103947.jpg,2024-12-16,10:39:47
9ad415f7be4fdf80524cfbc6463514e3,face_2024-12-16_103947.jpg,2024-12-16,10:39:47
5ccbf0b8bfa507e836006ef221bb42e9,face_2024-12-16_103947.jpg,2024-12-16,10:39:47
4fe8ba373ac576d1b7d2f906e20653ad,face_2024-12-16_103947.jpg,2024-12-16,10:39:47
c2ec952c842f27f8eff3fe9d16be0d80,face_2024-12-16_103947.jpg,2024-12-16,10:39:47
017609f246c01dc2ecfb7b6b336653ba,face_2024-12-16_103948.jpg,2024-12-16,10:39:48
25efa64fa686dc283892cc5d369017c4,face_2024-12-16_103948.jpg,2024-12-16,10:39:48
2e37fac2081e488b5b3bc8d3671b785d,face_2024-12-16_103948.jpg,2024-12-16,10:39:48
c4cb6b4f8cf73826228fb13d838cf6cd,face_2024-12-16_103948.jpg,2024-12-16,10:39:48
2d5f7aa644b797a07f4d812ec1f2fc0d,face_2024-12-16_103948.jpg,2024-12-16,10:39:48
ef68b0d1070949be50c71ba6ca4c4229,face_2024-12-16_103948.jpg,2024-12-16,10:39:48
f20a9613bbb8f45fb79520113f916e0c,face_2024-12-16_103948.jpg,2024-12-16,10:39:48
1e1c1e8238d05951b809d83483383fb3,face_2024-12-16_103948.jpg,2024-12-16,10:39:48
dc757c1f4a46d3c042b54e2f52543df7,face_2024-12-16_103948.jpg,2024-12-16,10:39:48
df0b1f0042acf373f86ef32cab86cdaf,face_2024-12-16_103949.jpg,2024-12-16,10:39:49
3b45ef096ee4d558ec55afa263119574,face_2024-12-16_103949.jpg,2024-12-16,10:39:49
29cb629bb17001f22a0538a530c3e492,face_2024-12-16_103949.jpg,2024-12-16,10:39:49
506800d9a25deb031098cdaf5c387e69,face_2024-12-16_103949.jpg,2024-12-16,10:39:49
5ef5bab3ef8e1f8549dd2ce1076fb9f2,face_2024-12-16_103949.jpg,2024-12-16,10:39:49
6414460de12ea754d34afcad5be33ded,face_2024-12-16_103949.jpg,2024-12-16,10:39:49
f2e29c88081861e74c6facfd347eaf3a,face_2024-12-16_103949.jpg,2024-12-16,10:39:49
0f913ae6830297e4096264855bdb8cb8,face_2024-12-16_103949.jpg,2024-12-16,10:39:49
0e02166898ba9218ef402daca0b5e768,face_2024-12-16_103949.jpg,2024-12-16,10:39:49
39926d7ffcce97243b482322893ebffa,face_2024-12-16_103949.jpg,2024-12-16,10:39:49
91b73b359fe2453c65229e650974ec0e,face_2024-12-16_103949.jpg,2024-12-16,10:39:49
14b9747d61d400a67f49783771da63b1,face_2024-12-16_103950.jpg,2024-12-16,10:39:50
6052efb68f6396beadd627c06c5ffaf0,face_2024-12-16_103950.jpg,2024-12-16,10:39:50
247fe941946b46c1c7033b9b43f14472,face_2024-12-16_103950.jpg,2024-12-16,10:39:50
ab332623810500392a253e1321bc7cac,face_2024-12-16_103950.jpg,2024-12-16,10:39:50
6f74735bd151dc6244ef8387023b1520,face_2024-12-16_103950.jpg,2024-12-16,10:39:50
44d986bd1be699803af1269b610facd1,face_2024-12-16_103950.jpg,2024-12-16,10:39:50
5b2bebab8717b0ee71cedf475ae52eca,face_2024-12-16_103950.jpg,2024-12-16,10:39:50
3ca637b1d2afe830c981be1085531f74,face_2024-12-16_103950.jpg,2024-12-16,10:39:50
3e37a70af5419bcf0004c201056a9656,face_2024-12-16_103950.jpg,2024-12-16,10:39:50
81663ea445852270d49b59ed3b602224,face_2024-12-16_103950.jpg,2024-12-16,10:39:50
ea2104ee561c8c3c5f98ee6edd55a655,face_2024-12-16_103950.jpg,2024-12-16,10:39:50
5a18290b503bb3b4c7088b54a55fc2a4,face_2024-12-16_103950.jpg,2024-12-16,10:39:50
783dcfb43c68f4a5401d284549882d08,face_2024-12-16_103950.jpg,2024-12-16,10:39:50
200c2eaf82c9aa5b3a5c4e2269bc95a0,face_2024-12-16_103950.jpg,2024-12-16,10:39:50
243f768e89c57ece4a7cf136b14d4699,face_2024-12-16_103951.jpg,2024-12-16,10:39:51
874744e1ad8dff032fc192520386c339,face_2024-12-16_103951.jpg,2024-12-16,10:39:51
d2afc5c629774a1379e17f2c314b66e6,face_2024-12-16_103951.jpg,2024-12-16,10:39:51
f2ba3c26b7ca1f2a6621008275ca379c,face_2024-12-16_103951.jpg,2024-12-16,10:39:51
1ea8b4758395f60cbebc8e34f300ba50,face_2024-12-16_103951.jpg,2024-12-16,10:39:51
475e1d4e66079a62aaf587508539866c,face_2024-12-16_103951.jpg,2024-12-16,10:39:51
b9b12004d72dd13ba8fcf27e203fb62a,face_2024-12-16_103951.jpg,2024-12-16,10:39:51
24a87305ad26ddfefbd6aa6ad1e68675,face_2024-12-16_103951.jpg,2024-12-16,10:39:51
0af3cca9838ba1a0b72e262f80c03a14,face_2024-12-16_103951.jpg,2024-12-16,10:39:51
e3e171a2e425fb0e530429f7505a895b,face_2024-12-16_103951.jpg,2024-12-16,10:39:51
e08fddf7a2754cf6c9780392ef55fd4e,face_2024-12-16_103952.jpg,2024-12-16,10:39:52
ede5c6b2479474c8a0c2cfab130d308a,face_2024-12-16_103952.jpg,2024-12-16,10:39:52
d06692912645fa5c21873d1524ec9e59,face_2024-12-16_103952.jpg,2024-12-16,10:39:52
4cc077c8035a9d4a265ecd08d2037605,face_2024-12-16_103952.jpg,2024-12-16,10:39:52
a07d3aa510feae467ce31b788449071f,face_2024-12-16_103952.jpg,2024-12-16,10:39:52
0e7c5709f114f1ac878d7195f5cf016b,face_2024-12-16_103952.jpg,2024-12-16,10:39:52
b9d6c468021e6bf02035722a62171d4a,face_2024-12-16_103952.jpg,2024-12-16,10:39:52
8f726b84770eb5d1a317007576bca6d3,face_2024-12-16_103952.jpg,2024-12-16,10:39:52
cc8f401c2b19b65980c76da74b945633,face_2024-12-16_103952.jpg,2024-12-16,10:39:52
3d7bf39e99ac267d72101779c98e438e,face_2024-12-16_103952.jpg,2024-12-16,10:39:52
145a8768c930e7ea6b51702c389f40e2,face_2024-12-16_103952.jpg,2024-12-16,10:39:52
63c50cd37b62cbd8c8b069df7b0ec7bf,face_2024-12-16_103952.jpg,2024-12-16,10:39:52
aeec684783b48a8261f9c676d43c716f,face_2024-12-16_103952.jpg,2024-12-16,10:39:52
f02a64abe6973aad0aa5ed7d4436b7c6,face_2024-12-16_103952.jpg,2024-12-16,10:39:52
81e48661e21338ae6e8133e8e489886b,face_2024-12-16_103952.jpg,2024-12-16,10:39:52
b9aa2245e37f48f9d48f57c479522bcc,face_2024-12-16_103952.jpg,2024-12-16,10:39:52
03722ebba0513cd840edba01ff586609,face_2024-12-16_103952.jpg,2024-12-16,10:39:52
2f920a86f33d7635a4f7c99c282a8b77,face_2024-12-16_103953.jpg,2024-12-16,10:39:53
6f085cea247302ad5a4f9966507c0494,face_2024-12-16_103953.jpg,2024-12-16,10:39:53
7d8d925811d1daa897886335793d3f69,face_2024-12-16_103953.jpg,2024-12-16,10:39:53
625820e3f0d9edfae47f0b471230c087,face_2024-12-16_103953.jpg,2024-12-16,10:39:53
2155eaf6e481fc946e52ecd1cb089bee,face_2024-12-16_103953.jpg,2024-12-16,10:39:53
12c5ef2b2ecc5adba14be3ad06a94e6b,face_2024-12-16_103953.jpg,2024-12-16,10:39:53
e77323f7307923345ab23cc7991ad36b,face_2024-12-16_103953.jpg,2024-12-16,10:39:53
e748f092d1f23c6882bfb3447865b59c,face_2024-12-16_103953.jpg,2024-12-16,10:39:53
5f5ad6498a413aaa65e3310099b60c2b,face_2024-12-16_103953.jpg,2024-12-16,10:39:53
3fcc72b499a9fb6ff24717bfbb354e70,face_2024-12-16_103953.jpg,2024-12-16,10:39:53
0ab1b5fd03661ae74c4caeaa4919a084,face_2024-12-16_103953.jpg,2024-12-16,10:39:53
a1f57518e43bb0cb18a73927ca6cbb42,face_2024-12-16_103953.jpg,2024-12-16,10:39:53
1aa113e3ef230a7bda8f0fab23c92faa,face_2024-12-16_103953.jpg,2024-12-16,10:39:53
6002f1a88de52b619fa4385e46d56f14,face_2024-12-16_103953.jpg,2024-12-16,10:39:53
fd2a110f786e6c7183ac89635ec7edfe,face_2024-12-16_103953.jpg,2024-12-16,10:39:53
d96299d38194465f6d7c54a8e9304b73,face_2024-12-16_103953.jpg,2024-12-16,10:39:53
cd4844c3e7b70b0a83be322c557d8b6c,face_2024-12-16_103954.jpg,2024-12-16,10:39:54
3d4d1f17c89aed39daf396795d0fd86a,face_2024-12-16_103954.jpg,2024-12-16,10:39:54
92a13e751f2a9057b58c625e736f946c,face_2024-12-16_103954.jpg,2024-12-16,10:39:54
dbe022378426c5a540e36e26452e1395,face_2024-12-16_103954.jpg,2024-12-16,10:39:54
a1a5ad577a013dc5841e5cad2ac541a5,face_2024-12-16_103954.jpg,2024-12-16,10:39:54
0cca4acced0cac246b04d68d4084e4e2,face_2024-12-16_103954.jpg,2024-12-16,10:39:54
8ce1bd534bbf651a1c17d708b07569cf,face_2024-12-16_103954.jpg,2024-12-16,10:39:54
f08641242a542ae043ba4d8529b20c87,face_2024-12-16_103954.jpg,2024-12-16,10:39:54
f7b994de1be4ed171811a0712269b020,face_2024-12-16_103954.jpg,2024-12-16,10:39:54
1246d0dd26a97dbfd2e2cc1608c66e82,face_2024-12-16_103954.jpg,2024-12-16,10:39:54
1a1789cd51b873f72613646ef9ff67ef,face_2024-12-16_103955.jpg,2024-12-16,10:39:55
ee0cbe7c7a43262cae679e49ef493a3e,face_2024-12-16_103955.jpg,2024-12-16,10:39:55
508d8c45b264c09c446b8b826a22bba4,face_2024-12-16_103955.jpg,2024-12-16,10:39:55
25b0bc15c0f65d02bfa93f4fa151d882,face_2024-12-16_103955.jpg,2024-12-16,10:39:55
691b65d412cea5b1be5693951f2faacf,face_2024-12-16_103955.jpg,2024-12-16,10:39:55
e2dcce3f6e4b0871950129c56df00cf5,face_2024-12-16_103955.jpg,2024-12-16,10:39:55
9460e711d5d7308765314d652a0b6ebc,face_2024-12-16_103955.jpg,2024-12-16,10:39:55
76d29ba3bb5ce9033017da23966f58d6,face_2024-12-16_103955.jpg,2024-12-16,10:39:55
5d9e0d9476add2b152c801fe5fe86754,face_2024-12-16_103955.jpg,2024-12-16,10:39:55
5d56c2644ed600b4aa204789cff40e0a,face_2024-12-16_103955.jpg,2024-12-16,10:39:55
c0a4c7cfa762067d4f6e271087992367,face_2024-12-16_103955.jpg,2024-12-16,10:39:55
ad8616dfceab8b3ae5e1c1b392f3fae8,face_2024-12-16_103955.jpg,2024-12-16,10:39:55
54aacf183605a5ecc675955476ef0b2a,face_2024-12-16_103955.jpg,2024-12-16,10:39:55
1f73da4f4617d4686992cdf27f9cdb67,face_2024-12-16_103955.jpg,2024-12-16,10:39:55
32c9b71bc82ec49a7c38d078acfeeba7,face_2024-12-16_103955.jpg,2024-12-16,10:39:55
98280a6b41532984f7dec11fbdcf7356,face_2024-12-16_103955.jpg,2024-12-16,10:39:55
35b8456bdeba4b0c9a12b7f3f123dd64,face_2024-12-16_103955.jpg,2024-12-16,10:39:55
3158921609bf16b3124cb60afe8cbff7,face_2024-12-16_103955.jpg,2024-12-16,10:39:55
25e0665c3037ca6f4b2720dbb5f194b6,face_2024-12-16_103956.jpg,2024-12-16,10:39:56
5912fb687fd41b2bcc91f12f057bd927,face_2024-12-16_103956.jpg,2024-12-16,10:39:56
826180a07d855345cdbe45aa7a462593,face_2024-12-16_103956.jpg,2024-12-16,10:39:56
05d25a3b693f391c5113a8b5efff5ed9,face_2024-12-16_103956.jpg,2024-12-16,10:39:56
497904ef852d48c442dc317a7a22345a,face_2024-12-16_103956.jpg,2024-12-16,10:39:56
f9b4961d6dbfd2364e9b15717b376cf4,face_2024-12-16_103956.jpg,2024-12-16,10:39:56
575888d284767567bf380a11ef70f9af,face_2024-12-16_103956.jpg,2024-12-16,10:39:56
12e8f11d207610715261d5269e411dda,face_2024-12-16_103956.jpg,2024-12-16,10:39:56
890891c431a0def3c289837c9b09e338,face_2024-12-16_103956.jpg,2024-12-16,10:39:56
74ed7e3880d4100472b513a469719079,face_2024-12-16_103956.jpg,2024-12-16,10:39:56
a9a38871c5da144f73cf85c4e4e8db03,face_2024-12-16_103956.jpg,2024-12-16,10:39:56
1b70e7eca41580dcb9c6261704d335e4,face_2024-12-16_103956.jpg,2024-12-16,10:39:56
b489d2d78dc2d752fc9ae52ec6ec83d5,face_2024-12-16_103956.jpg,2024-12-16,10:39:56
f0c81b43396c38248d4ee5cb4f10fdec,face_2024-12-16_103956.jpg,2024-12-16,10:39:56
b1811920f112ee98fcffbe82bf37099e,face_2024-12-16_103956.jpg,2024-12-16,10:39:56
3fee219433e8d6658cd0cef4697fb670,face_2024-12-16_103956.jpg,2024-12-16,10:39:56
952791f2788c613ee2ad25f29e00897e,face_2024-12-16_103956.jpg,2024-12-16,10:39:56
3f833960e43e9d00c80a4566167fbe11,face_2024-12-16_103956.jpg,2024-12-16,10:39:56
6345fc506caa3b6b4d52dc0364386712,face_2024-12-16_103957.jpg,2024-12-16,10:39:57
5b35599f4d2574e6d56c726861f4810c,face_2024-12-16_103957.jpg,2024-12-16,10:39:57
3b60a0fd720d2f144c6a53eff124fe0d,face_2024-12-16_103957.jpg,2024-12-16,10:39:57
a4d517f191c81b25f59f53fb535fbceb,face_2024-12-16_103957.jpg,2024-12-16,10:39:57
a49e1578bbff21ad3d78fad502c4e393,face_2024-12-16_103957.jpg,2024-12-16,10:39:57
4e323667c99225c16bb2d4b79dba07d3,face_2024-12-16_103957.jpg,2024-12-16,10:39:57
b5689dd56534fc6a953b80a6ba7f84bb,face_2024-12-16_103957.jpg,2024-12-16,10:39:57
88866031f7a14480214467d16a3e61da,face_2024-12-16_103957.jpg,2024-12-16,10:39:57
fd4b347c65f7de1a1ad1579d0c239061,face_2024-12-16_103957.jpg,2024-12-16,10:39:57
b7bcc28b47828f7f377559a34b09443e,face_2024-12-16_103957.jpg,2024-12-16,10:39:57
9802372cb08cf28ec1098578a9fabfea,face_2024-12-16_103958.jpg,2024-12-16,10:39:58
0e446f7b2a7b480540f11a2a7986b24d,face_2024-12-16_103958.jpg,2024-12-16,10:39:58
4741161f9c1067ad534e916b9b21d9fd,face_2024-12-16_103958.jpg,2024-12-16,10:39:58
0bdc5838770cf9dcbedfe4ed9f3eb412,face_2024-12-16_103958.jpg,2024-12-16,10:39:58
a452ac523f0827e151bb9123c4778a7c,face_2024-12-16_103958.jpg,2024-12-16,10:39:58
3d66e338b50bc03a94c6f6ee93f229c4,face_2024-12-16_103958.jpg,2024-12-16,10:39:58
360b351d0bb23354191ae3e304aa14aa,face_2024-12-16_103958.jpg,2024-12-16,10:39:58
b9e2a8dfe1aa88458ba5114b7f65a6c8,face_2024-12-16_103958.jpg,2024-12-16,10:39:58
cab1973791e0fcd07a6a62da43034a5d,face_2024-12-16_103958.jpg,2024-12-16,10:39:58
3fe240884103a6a1e70783f39b026958,face_2024-12-16_103958.jpg,2024-12-16,10:39:58
777a9115fb5ece4a99462beb13d6d498,face_2024-12-16_103958.jpg,2024-12-16,10:39:58
29ba6d0a527ad2cc57586972de50fc8e,face_2024-12-16_103958.jpg,2024-12-16,10:39:58
a2622286a1383bf3963615571029304e,face_2024-12-16_103958.jpg,2024-12-16,10:39:58
62ab1d1bf044a313b3f2a09bb1efe8e8,face_2024-12-16_103958.jpg,2024-12-16,10:39:58
16197ea2648e80471da6c0c3a8a7e11c,face_2024-12-16_103958.jpg,2024-12-16,10:39:58
a6668f7e35400f7510bf80f0baae7a31,face_2024-12-16_103958.jpg,2024-12-16,10:39:58
24c16f67faf70e87ce3b0a4a3c80af0e,face_2024-12-16_103958.jpg,2024-12-16,10:39:58
bbf15f011c58fe328e912502752c9425,face_2024-12-16_103958.jpg,2024-12-16,10:39:58
6e7d9ab1371c0fcb243403cff5257071,face_2024-12-16_103958.jpg,2024-12-16,10:39:58
c72bad12ca60cbdd6eec49d6d28fde68,face_2024-12-16_103959.jpg,2024-12-16,10:39:59
383223ff0bf260c638a674e244a9182d,face_2024-12-16_103959.jpg,2024-12-16,10:39:59
c46052c53369cf84cf6523c768021845,face_2024-12-16_103959.jpg,2024-12-16,10:39:59
8e313d0c232ba36a42bd208d9fab69c3,face_2024-12-16_103959.jpg,2024-12-16,10:39:59
cb7a817e6625bdc771e777e14982d7a4,face_2024-12-16_103959.jpg,2024-12-16,10:39:59
4d800f2001a0248c3b3978eceecbd98c,face_2024-12-16_103959.jpg,2024-12-16,10:39:59
bc21c27cb52495aa0c9099a4d91cc5d1,face_2024-12-16_103959.jpg,2024-12-16,10:39:59
2e976121f0f4023dbb8cfee583a4f88c,face_2024-12-16_103959.jpg,2024-12-16,10:39:59
8c058234759c91bc1aeee60c5b4baa3e,face_2024-12-16_104000.jpg,2024-12-16,10:40:00
59489e2b11beec47cf80da7c9231e655,face_2024-12-16_104000.jpg,2024-12-16,10:40:00
b3b91e05cf30aa1d0ee9ec9e811d20a8,face_2024-12-16_104000.jpg,2024-12-16,10:40:00
a6b3b7106894988b63307704b252d314,face_2024-12-16_104000.jpg,2024-12-16,10:40:00
0df4b1b27a7acfd896b9f6cae7df2452,face_2024-12-16_104000.jpg,2024-12-16,10:40:00
765053182135c058f03aaf0d328566cd,face_2024-12-16_104000.jpg,2024-12-16,10:40:00
845a1db366f1d89c4f5ce3310056a07e,face_2024-12-16_104000.jpg,2024-12-16,10:40:00
b6065af97f86d0d85cacb627cd923aac,face_2024-12-16_104000.jpg,2024-12-16,10:40:00
7103dc215d3782f0a712bd24847698fd,face_2024-12-16_104000.jpg,2024-12-16,10:40:00
bd1b9862004990e24a44ae6914ae023f,face_2024-12-16_104000.jpg,2024-12-16,10:40:00
5cbfb5e65eb5fcd27e04d6173b826b47,face_2024-12-16_104000.jpg,2024-12-16,10:40:00
fd5fef8ce4605979b16c1923665153f8,face_2024-12-16_104000.jpg,2024-12-16,10:40:00
86099a68e1edbbc013bba21a57da75c2,face_2024-12-16_104000.jpg,2024-12-16,10:40:00
7fe906d8e16d7b48e00682ca8ce38108,face_2024-12-16_104000.jpg,2024-12-16,10:40:00
9df764a257dbf5cdbe9fcf5dc78331ad,face_2024-12-16_104000.jpg,2024-12-16,10:40:00
2bf56129add4f78c46eff0f8a360454c,face_2024-12-16_104000.jpg,2024-12-16,10:40:00
a49831940e72ad9e8e70acb58f77acfd,face_2024-12-16_104000.jpg,2024-12-16,10:40:00
b23316546c710d5f44fabf4e6da5b629,face_2024-12-16_104001.jpg,2024-12-16,10:40:01
5ef787af0576419a51d863943f6b7bd3,face_2024-12-16_104001.jpg,2024-12-16,10:40:01
cd80934ab9c7126fe31277e56602f15b,face_2024-12-16_104001.jpg,2024-12-16,10:40:01
8e07a25aea0af9a5ed83de909bbe0293,face_2024-12-16_104001.jpg,2024-12-16,10:40:01
6fecd6a1253845b1d090c1e59d68a7f2,face_2024-12-16_104001.jpg,2024-12-16,10:40:01
9c308a8d30f2a454580d44e47eed0969,face_2024-12-16_104001.jpg,2024-12-16,10:40:01
84897ad714df3fa57fba24877d591927,face_2024-12-16_104001.jpg,2024-12-16,10:40:01
fcbc12bda190c37758e93862c6246895,face_2024-12-16_104001.jpg,2024-12-16,10:40:01
3e602f0b471fdf0ba51837ec98903bb0,face_2024-12-16_104001.jpg,2024-12-16,10:40:01
70e87538e9f39970bcfa7c4958e0ecdf,face_2024-12-16_104001.jpg,2024-12-16,10:40:01
75119914c76c0501ffa2f7e15d6e13ac,face_2024-12-16_104001.jpg,2024-12-16,10:40:01
1eab6e31d4475a093e0ba8990d693923,face_2024-12-16_104001.jpg,2024-12-16,10:40:01
7596412c85d3064904e404703209a534,face_2024-12-16_104001.jpg,2024-12-16,10:40:01
821a8f0fecf1d6f54567df6e7ef4922b,face_2024-12-16_104001.jpg,2024-12-16,10:40:01
aefba040783c8a3e55c668b901c8cf3e,face_2024-12-16_104002.jpg,2024-12-16,10:40:02
b08859cefc0bb23b1d4a0d900899a5c6,face_2024-12-16_104002.jpg,2024-12-16,10:40:02
17b700948488b61b901a862fbc2f8f6d,face_2024-12-16_104002.jpg,2024-12-16,10:40:02
1d8484e84bddd3fe5923c870a561a2eb,face_2024-12-16_104002.jpg,2024-12-16,10:40:02
30e87ac6a98abc2f8740c0268de6f05f,face_2024-12-16_104002.jpg,2024-12-16,10:40:02
872fccf456977bcd6ada26dd2d20489e,face_2024-12-16_104002.jpg,2024-12-16,10:40:02
34cbef4f73feb8786ba248f6b9edf6b5,face_2024-12-16_104002.jpg,2024-12-16,10:40:02
4593945b4d3f0a42fdba09b1cfed24c8,face_2024-12-16_104002.jpg,2024-12-16,10:40:02
25e063f38509dfb5eda21ca7e4c9817e,face_2024-12-16_104002.jpg,2024-12-16,10:40:02
44b8cbb4b3020fe65b13ac1cc8e997f5,face_2024-12-16_104002.jpg,2024-12-16,10:40:02
b3e6d95eff37a452d9320e915f3b0158,face_2024-12-16_104002.jpg,2024-12-16,10:40:02
38d3a5a6d5b3c7d73ed0bfce6ce77abd,face_2024-12-16_104003.jpg,2024-12-16,10:40:03
0c4c6c189eed6762742c72474f84606f,face_2024-12-16_104003.jpg,2024-12-16,10:40:03
6c1b447825876591f52a792f590c02d6,face_2024-12-16_104003.jpg,2024-12-16,10:40:03
7a5b4678862712d9e28dd2b3c871a9e1,face_2024-12-16_104003.jpg,2024-12-16,10:40:03
ae8d6a2f6d2c78ea2d46c7b38fe61f92,face_2024-12-16_104003.jpg,2024-12-16,10:40:03
bb2c07694467cb6c6432293b069f205e,face_2024-12-16_104003.jpg,2024-12-16,10:40:03
d743f6d647dbbbdd4f1cd322f2b21c88,face_2024-12-16_104003.jpg,2024-12-16,10:40:03
bd029055c2d816c839d744bd5ed58730,face_2024-12-16_104003.jpg,2024-12-16,10:40:03
783c1e5cb2a0b88a4eda075e1974d7ee,face_2024-12-16_104003.jpg,2024-12-16,10:40:03
5a5960c7f42a5f6be882127941a5ee2a,face_2024-12-16_104003.jpg,2024-12-16,10:40:03
8b6a48e1418d058a415441ec837a69d6,face_2024-12-16_104003.jpg,2024-12-16,10:40:03
73e106dbda4411f8dccfea638516db1e,face_2024-12-16_104004.jpg,2024-12-16,10:40:04
95e10dd9abeb489ef6b1d8799f273b98,face_2024-12-16_104004.jpg,2024-12-16,10:40:04
bbafbe5d3d2f056bd326b8f68e88b066,face_2024-12-16_104004.jpg,2024-12-16,10:40:04
c83908a7cb73b0fad83dbd122ed2feeb,face_2024-12-16_104004.jpg,2024-12-16,10:40:04
57a138b7ebd90974713acfa925241bd0,face_2024-12-16_104004.jpg,2024-12-16,10:40:04
ac3afd9a87d6d1deec2c384c5946245a,face_2024-12-16_104004.jpg,2024-12-16,10:40:04
e74da3c3a9f834f7f6ae229ddf6e0baf,face_2024-12-16_104004.jpg,2024-12-16,10:40:04
b602d0f6e2e0c3f1dd50ce21bc257e6d,face_2024-12-16_104004.jpg,2024-12-16,10:40:04
4794a836e6932bc7e477a603907ab644,face_2024-12-16_104004.jpg,2024-12-16,10:40:04
918d0a48fe78f9fa78045f113966640c,face_2024-12-16_104004.jpg,2024-12-16,10:40:04
22449cb24a1ce2608d4fb810938be67d,face_2024-12-16_104004.jpg,2024-12-16,10:40:04
7a53ecaee62952214dd5b969aab19e2a,face_2024-12-16_104004.jpg,2024-12-16,10:40:04
7b80ca401a952f6d360da1d5326a5ad9,face_2024-12-16_104004.jpg,2024-12-16,10:40:04
970f6cd156e72911a94f3ca74c630c61,face_2024-12-16_104004.jpg,2024-12-16,10:40:04
b6a322b9d2fe17ce7f55e11a5f635696,face_2024-12-16_104004.jpg,2024-12-16,10:40:04
ab9571b79a7f8ae797e4d4e29f30c83e,face_2024-12-16_104004.jpg,2024-12-16,10:40:04
83fb7b4b9d1957e8f25872ee7139eb54,face_2024-12-16_104004.jpg,2024-12-16,10:40:04
238db2224d7c6049b78565194bf648da,face_2024-12-16_104004.jpg,2024-12-16,10:40:04
d0b09383dbb7286ea0271b3c76a9a05f,face_2024-12-16_104004.jpg,2024-12-16,10:40:04
bdae33474ef8c95da944c554b5d81284,face_2024-12-16_104004.jpg,2024-12-16,10:40:04
2a12ba8dc012d954bea4e0aba023f8c2,face_2024-12-16_104004.jpg,2024-12-16,10:40:04
d74d0247967c8e0e24ae6468d36d5965,face_2024-12-16_104004.jpg,2024-12-16,10:40:04
71173d6dfe367c52076a6d1c410614b4,face_2024-12-16_104004.jpg,2024-12-16,10:40:04
f070ba63ce21f67aca585d4d303582e6,face_2024-12-16_104005.jpg,2024-12-16,10:40:05
c5a256569ac233a7e4fc35c1072a416b,face_2024-12-16_104005.jpg,2024-12-16,10:40:05
bfe178a627616eb628edf60de10afc7e,face_2024-12-16_104005.jpg,2024-12-16,10:40:05
f026a05f8fcadd294b326209b1735abe,face_2024-12-16_104005.jpg,2024-12-16,10:40:05
33355feea8de3df3ba06ea8c05cbad79,face_2024-12-16_104005.jpg,2024-12-16,10:40:05
766ccad4c25e6a5ac20f7956b4c589a3,face_2024-12-16_104005.jpg,2024-12-16,10:40:05
5e659b3280e274ac3061cced8b16358c,face_2024-12-16_104005.jpg,2024-12-16,10:40:05
c9ff47357dd6ed724251a91c27b43c4e,face_2024-12-16_104005.jpg,2024-12-16,10:40:05
6fd9542075743a1c5cdc8a95b9e0c83e,face_2024-12-16_104006.jpg,2024-12-16,10:40:06
70bc3b70c229dabfb65576536034d269,face_2024-12-16_104006.jpg,2024-12-16,10:40:06
1b90e842662ca12ce883b3608d71f796,face_2024-12-16_104006.jpg,2024-12-16,10:40:06
d7aa27562c0dd57241df5868e340a47f,face_2024-12-16_104006.jpg,2024-12-16,10:40:06
84775fa8b7dd5171d0d02f24126d2c39,face_2024-12-16_104006.jpg,2024-12-16,10:40:06
bf37b3d54a4aa26305cafb5bb5f7f7b8,face_2024-12-16_104006.jpg,2024-12-16,10:40:06
8347655e1ab758c0eda6c0d86ccb67ba,face_2024-12-16_104006.jpg,2024-12-16,10:40:06
acfe25d7905edd537fcc160337847c2b,face_2024-12-16_104006.jpg,2024-12-16,10:40:06
7bdbc3258df1bb10fd221431e3e8369a,face_2024-12-16_104006.jpg,2024-12-16,10:40:06
3fb590d96d2044b3a936ad34fbfe233b,face_2024-12-16_104006.jpg,2024-12-16,10:40:06
95cde31d29ad37aec97a84586774364e,face_2024-12-16_104006.jpg,2024-12-16,10:40:06
1d3e9552c85e0a4d8990ba47747f5ce5,face_2024-12-16_104006.jpg,2024-12-16,10:40:06
1bb14d0388c1b9ea6675821f9fcf6522,face_2024-12-16_104006.jpg,2024-12-16,10:40:06
e3548bff3da0006240ab6c395a71ebad,face_2024-12-16_104006.jpg,2024-12-16,10:40:06
4aec867d784a187a85a08ed5088335af,face_2024-12-16_104006.jpg,2024-12-16,10:40:06
8ae9784516ebbea70e788eac63c0f6c6,face_2024-12-16_104006.jpg,2024-12-16,10:40:06
653224909d93d92cf1433304d4627d73,face_2024-12-16_104006.jpg,2024-12-16,10:40:06
f7f9cabb17b30b1bf286b014bbc939d6,face_2024-12-16_104006.jpg,2024-12-16,10:40:06
a11be4e561199ff608477909c8dd332f,face_2024-12-16_104006.jpg,2024-12-16,10:40:06
c9635955dce73195691a8afcf3ebbf58,face_2024-12-16_104006.jpg,2024-12-16,10:40:06
1d41ce737658e37537130e44e1a706f1,face_2024-12-16_104006.jpg,2024-12-16,10:40:06
23eeca06ccf120807476e9066d5ac033,face_2024-12-16_104007.jpg,2024-12-16,10:40:07
a27abe12acc82b66fca303650d1a87f3,face_2024-12-16_104007.jpg,2024-12-16,10:40:07
b5f9b893b16002a421e11b17c2347cf8,face_2024-12-16_104007.jpg,2024-12-16,10:40:07
155109c2636a0402659184bee008abc8,face_2024-12-16_104007.jpg,2024-12-16,10:40:07
d2f6ee163597a5814a169db76ffeb868,face_2024-12-16_104007.jpg,2024-12-16,10:40:07
e489a06eb2e6779df0dd51f78cf07d6d,face_2024-12-16_104007.jpg,2024-12-16,10:40:07
448a7cca8b8bab622b7b61aba5c7b662,face_2024-12-16_104007.jpg,2024-12-16,10:40:07
3a32b64dd13717ea0c71122045b69410,face_2024-12-16_104007.jpg,2024-12-16,10:40:07
6cfad8840ae8804603bfff9e2d883c0f,face_2024-12-16_104007.jpg,2024-12-16,10:40:07
ac0ce4381cfceeafccc7cea967cd1987,face_2024-12-16_104007.jpg,2024-12-16,10:40:07
acc96de160429ac66563c73656b05144,face_2024-12-16_104007.jpg,2024-12-16,10:40:07
3969ad2fa4e2b7ab901d4574b347f8df,face_2024-12-16_104007.jpg,2024-12-16,10:40:07
a201840da9381655851ce1b38fcfd21b,face_2024-12-16_104007.jpg,2024-12-16,10:40:07
9c0cd47a292ba0eac26b15a200b52888,face_2024-12-16_104007.jpg,2024-12-16,10:40:07
